logmar,condition,normalization,orientation_a,orientation_b,mimicry_unconstrained,residual_unconstrained,mimicry_unconstrained_ls,residual_unconstrained_ls,cosine_alignment,dx_star_deg,dy_star_deg,translation_mag_deg,translation_mag_arcmin,translation_angle_rad,identity_norm,jacobian_norm_x,jacobian_norm_y,jacobian_condition_number,jacobian_rank,ridge_lambda,jacobian_singular_max,jacobian_singular_min,jacobian_near_zero,projection_ls_gap,mimicry_constrained_0p5_arcmin,mimicry_constrained_1p0_arcmin,mimicry_constrained_2p0_arcmin,jacobian_path
-0.2,real,raw,0,90,0.41549455993236223,0.584505432883587,0.4154941289391184,0.5845054328851086,0.6445886749954286,-0.006221301668754831,-0.0022058604997451927,0.006600788967842235,0.3960473380705341,-2.8008561544744888,0.011798187729653293,1.157644856948136,0.19176971667567144,390.61381626723835,2,6.884586195261686e-07,1.1719223166142159,0.059290158322499044,False,4.309932438162356e-07,0.4154941289391184,0.4154941289391184,0.4154941289391184,test3_lm-0.20.npz
-0.2,real,raw,0,180,0.6334213870572938,0.36657860725163166,0.633419729849336,0.36657860735213044,0.7958777463010848,-0.007092058218964488,-0.012695378954236216,0.014542005933599587,0.8725203560159752,-2.080243425912072,0.01325570711673521,1.157644856948136,0.19176971667567144,390.61381626723835,2,6.884586195261686e-07,1.1719223166142159,0.059290158322499044,False,1.6572079577503729e-06,0.5417272041418043,0.633419729849336,0.633419729849336,test3_lm-0.20.npz
-0.2,real,raw,0,270,0.704549634446341,0.2954503597296428,0.7045448115090556,0.29545036013391884,0.8393745495583845,-0.0056662462442315775,-0.023859336612322722,0.024522933961506153,1.471376037690369,-1.8039623920625318,0.013103543137884675,1.157644856948136,0.19176971667567144,390.61381626723835,2,6.884586195261686e-07,1.1719223166142159,0.059290158322499044,False,4.822937285431372e-06,0.553912394381912,0.6973988013170939,0.7045448115090556,test3_lm-0.20.npz
-0.2,real,raw,90,0,0.41639392042022905,0.5836060723957207,0.4163634549745131,0.5836060982049303,0.6452859214489567,0.003954497120464621,-0.04081365234823307,0.04100478344630287,2.4602870067781724,-1.4742063075958387,0.011798187729653293,1.58692192697795,0.041007140595873036,3430.665287485485,2,1.2600013939516295e-06,1.5872207499292454,0.027075429771330366,False,3.0465445715943673e-05,0.4057585128966513,0.41224275506256314,0.4061461092575432,test3_lm-0.20.npz
-0.2,real,raw,90,180,0.26249373949940125,0.7375062309629473,0.26241833993007785,0.7375062954983785,0.5123414286385606,-0.0011812984964800698,0.031791454173056906,0.031813393792165016,1.908803627529901,1.6079369768596976,0.0058185131197242106,1.58692192697795,0.041007140595873036,3430.665287485485,2,1.2600013939516295e-06,1.5872207499292454,0.027075429771330366,False,7.539956932339775e-05,0.24779961198412073,0.2402715251123528,0.26241833993007785,test3_lm-0.20.npz
-0.2,real,raw,90,270,0.3660476522894146,0.6339523164096069,0.365931450771505,0.6339524159009957,0.6050187206107053,-0.0013088097202465611,0.03834313084242544,0.03836546188544025,2.3019277131264153,1.6049172170642547,0.005652245822902952,1.58692192697795,0.041007140595873036,3430.665287485485,2,1.2600013939516295e-06,1.5872207499292454,0.027075429771330366,False,0.00011620151790958655,0.3270360375736966,0.3420400497732746,0.3731383143533307,test3_lm-0.20.npz
-0.2,real,raw,180,0,0.6840761284216347,0.31592386588729093,0.6840720715756181,0.3159238659487019,0.8270889483130788,-0.026984491319442274,-0.07329138746241363,0.07810115394752307,4.686069236851384,-1.9235752745786427,0.01325570711673521,0.24690518118483162,0.23643118657223988,70.81615115568746,2,5.843093723993592e-08,0.3394623611183777,0.040338317562932484,False,4.056846016564641e-06,0.045471425676753885,0.18138987672146514,0.5777922273769268,test3_lm-0.20.npz
-0.2,real,raw,180,90,0.2698858362670282,0.7301141341953198,0.26988403352763324,0.7301141342232298,0.5195053765525707,-0.008478270358976372,-0.02122186812775426,0.022852762526917602,1.3711657516150562,-1.9508770420025536,0.0058185131197242106,0.24690518118483162,0.23643118657223988,70.81615115568746,2,5.843093723993592e-08,0.3394623611183777,0.040338317562932484,False,1.8027393949848758e-06,0.20969279169976654,0.2566451765508394,0.26988403352763324,test3_lm-0.20.npz
-0.2,real,raw,180,270,0.01103483722787589,0.988965076388453,0.011034825981023972,0.9889650763884573,0.10504683349761615,-0.0007089314444360623,0.000781998548008406,0.0010555119715083563,0.06333071829050138,2.3072259325875413,0.0034023906240266072,0.24690518118483162,0.23643118657223988,70.81615115568746,2,5.843093723993592e-08,0.3394623611183777,0.040338317562932484,False,1.1246851918528256e-08,0.011034825981023972,0.011034825981023972,0.011034825981023972,test3_lm-0.20.npz
-0.2,real,raw,270,0,0.6892465748783401,0.3107534192976451,0.6892458407332355,0.3107534193415963,0.830208753795297,0.007699708634768089,-0.0012196825708708536,0.007795712836810268,0.4677427702086161,-0.15710098457304314,0.013103543137884675,1.4338608398003512,0.13455500279677982,3909.7144791568667,2,1.0370309783453045e-06,1.4399766107389098,0.02300689495546201,False,7.341451045972391e-07,0.6892458407332355,0.6892458407332355,0.6892458407332355,test3_lm-0.20.npz
-0.2,real,raw,270,90,0.34240324393165666,0.6575967247673647,0.34239874378070667,0.6575967288373218,0.5851523254090824,0.0015469390025165733,0.008176950161172114,0.008321991000704076,0.4993194600422446,1.3838231455258556,0.005652245822902952,1.4338608398003512,0.13455500279677982,3909.7144791568667,2,1.0370309783453045e-06,1.4399766107389098,0.02300689495546201,False,4.50015094999312e-06,0.34239874378070667,0.34239874378070667,0.34239874378070667,test3_lm-0.20.npz
-0.2,real,raw,270,180,0.0443100856914027,0.9556898279249266,0.04418721209625688,0.9556899481606694,0.21049960971793438,-0.0021431998033720205,0.026087310565788422,0.026175199673604595,1.5705119804162757,1.652767116498184,0.0034023906240266072,1.4338608398003512,0.13455500279677982,3909.7144791568667,2,1.0370309783453045e-06,1.4399766107389098,0.02300689495546201,False,0.00012287359514581708,0.015216544988346112,0.021994593037118756,0.04418721209625688,test3_lm-0.20.npz
-0.2,real,zscore,0,90,0.363872177961007,0.6361278220385274,0.36387075619377585,0.636127822057007,0.6032181843752781,-0.004354846849038627,-0.010833515920285725,0.011676033499166827,0.7005620099500096,-1.9530076490348545,1.4665789338584847,147.24824951029774,27.361759564310734,67.8569505257322,2,0.01121535643515102,148.67738768602092,18.04846977343741,False,1.4217672311689356e-06,0.3499645451344102,0.36387075619377585,0.36387075619377585,test3_lm-0.20.npz
-0.2,real,zscore,0,180,0.6101423721161889,0.38985762788348133,0.6101410751459273,0.38985762789547895,0.7811161066808116,-0.007646579193724561,-0.010821921628504507,0.013250817374765793,0.7950490424859475,-2.1859263515280367,1.7426140294276717,147.24824951029774,27.361759564310734,67.8569505257322,2,0.01121535643515102,148.67738768602092,18.04846977343741,False,1.2969702616327794e-06,0.4946490909726122,0.6101410751459273,0.6101410751459273,test3_lm-0.20.npz
-0.2,real,zscore,0,270,0.63538807359249,0.3646119264071288,0.6353865301589555,0.36461192642299073,0.7971123343622842,-0.0070747985820849195,-0.011433398313587218,0.01344527322051173,0.8067163932307038,-2.124912877904237,1.6208746702662429,147.24824951029774,27.361759564310734,67.8569505257322,2,0.01121535643515102,148.67738768602092,18.04846977343741,False,1.5434335345343442e-06,0.5529640658653495,0.6353865301589555,0.6353865301589555,test3_lm-0.20.npz
-0.2,real,zscore,90,0,0.3046696373820215,0.6953303626175137,0.3046692925751795,0.6953303626185301,0.5519688735626508,0.004157840178761955,-0.0015173241420494978,0.00442604874624913,0.2655629247749478,-0.3499138316172878,1.4665789338584847,193.578882011927,19.616773531994678,99.29396810092624,2,0.018928800682396565,193.5979171717426,19.428016665532628,False,3.448068420230932e-07,0.3046692925751795,0.3046692925751795,0.3046692925751795,test3_lm-0.20.npz
-0.2,real,zscore,90,180,0.24038715528613752,0.7596128447124356,0.24038688326222057,0.7596128447132368,0.4902929280401029,-0.002108038350065862,0.0007688827755704957,0.002243881995096309,0.13463291970577854,2.791848562558195,0.8370928941965577,193.578882011927,19.616773531994678,99.29396810092624,2,0.018928800682396565,193.5979171717426,19.428016665532628,False,2.720239169473615e-07,0.24038688326222057,0.24038688326222057,0.24038688326222057,test3_lm-0.20.npz
-0.2,real,zscore,90,270,0.24828606412304705,0.7517139358751073,0.24828566606400554,0.7517139358789005,0.4982831164338674,-0.0018680652465002377,0.0014856034720257564,0.0023867730183821365,0.1432063811029282,2.46974670937843,0.7360646984399613,193.578882011927,19.616773531994678,99.29396810092624,2,0.018928800682396565,193.5979171717426,19.428016665532628,False,3.980590415064711e-07,0.24828566606400554,0.24828566606400554,0.24828566606400554,test3_lm-0.20.npz
-0.2,real,zscore,180,0,0.5473651294115335,0.4526348705881378,0.5473644301290574,0.4526348705884151,0.7398412866362173,0.01668199191078714,-0.024257458122362904,0.029439991995069525,1.7663995197041715,-0.9683693231028638,1.7426140294276717,37.328659134994325,32.5061062621553,5.106392318587111,2,0.0012250378685715636,45.264171918869586,20.030738319945804,False,6.992824760354566e-07,0.046632238031684314,0.18554383920735681,0.5473644301290574,test3_lm-0.20.npz
-0.2,real,zscore,180,90,0.31759368658107806,0.6824063134174949,0.317593285515159,0.6824063134176472,0.563554510745037,0.0062973550807080975,-0.008663059225717138,0.010710054909327166,0.64260329455963,-0.9422304745325656,0.8370928941965577,37.328659134994325,32.5061062621553,5.106392318587111,2,0.0012250378685715636,45.264171918869586,20.030738319945804,False,4.010659190867294e-07,0.19956593756430982,0.317593285515159,0.317593285515159,test3_lm-0.20.npz
-0.2,real,zscore,180,270,0.034928172453484056,0.9650718275401491,0.03492812985538038,0.9650718275401632,0.186890803555135,0.001428988759030182,-0.0008299646556196653,0.0016525284272933065,0.0991517056375984,-0.5261863869192628,0.3963178489036473,37.328659134994325,32.5061062621553,5.106392318587111,2,0.0012250378685715636,45.264171918869586,20.030738319945804,False,4.2598103676405596e-08,0.03492812985538038,0.03492812985538038,0.03492812985538038,test3_lm-0.20.npz
-0.2,real,zscore,270,0,0.5488856676656099,0.451114332334009,0.548885100903614,0.4511143323346616,0.7408681850812666,0.006821950289575386,-0.0005480648247300436,0.00684393021629707,0.4106358129778242,-0.08016626160120108,1.6208746702662429,177.13671834538724,20.307488773501152,144.03221347269178,2,0.01589490554322946,177.68127470750557,14.804583910899584,False,5.667619958904524e-07,0.548885100903614,0.548885100903614,0.548885100903614,test3_lm-0.20.npz
-0.2,real,zscore,270,90,0.2644330213224529,0.7355669786757009,0.26443253107179815,0.7355669786839457,0.5142305137994564,0.002271342336726209,-0.0017877826168387664,0.0028905298295772252,0.17343178977463353,-0.6668279070537994,0.7360646984399613,177.13671834538724,20.307488773501152,144.03221347269178,2,0.01589490554322946,177.68127470750557,14.804583910899584,False,4.902506547388441e-07,0.26443253107179815,0.26443253107179815,0.26443253107179815,test3_lm-0.20.npz
-0.2,real,zscore,270,180,0.026906623891140482,0.9730933761024927,0.026905551691790125,0.9730933761406575,0.16403238671415007,-0.0004907135142478247,0.002248679423140126,0.0023015992051439497,0.13809595230863697,1.7856510138047614,0.3963178489036473,177.13671834538724,20.307488773501152,144.03221347269178,2,0.01589490554322946,177.68127470750557,14.804583910899584,False,1.0721993503569338e-06,0.026905551691790125,0.026905551691790125,0.026905551691790125,test3_lm-0.20.npz
-0.2,stabilized,raw,0,90,0.40178147573053385,0.5982185211594827,0.4017800853062309,0.5982185212565314,0.6338623476201547,-0.007180831988014624,-0.016526111327113537,0.018018787518483157,1.0811272511089893,-1.9806980078074645,0.017931679363033515,1.157644856948136,0.19176971667567144,390.61381626723835,2,6.884586195261686e-07,1.1719223166142159,0.059290158322499044,False,1.390424302971649e-06,0.2964025897000525,0.4014091521780783,0.4017800853062309,test3_lm-0.20.npz
-0.2,stabilized,raw,0,180,0.6028626014352414,0.3971373937405725,0.6028580997838405,0.3971373941232918,0.776442271798259,-0.005565148700304886,-0.025429814669962067,0.026031641404358718,1.5618984842615231,-1.7862432194304196,0.014397530368629187,1.157644856948136,0.19176971667567144,390.61381626723835,2,6.884586195261686e-07,1.1719223166142159,0.059290158322499044,False,4.501651400867779e-06,0.45882023401635663,0.5925712698996064,0.6028580997838405,test3_lm-0.20.npz
-0.2,stabilized,raw,0,270,0.5817231108508333,0.41827688596679824,0.5817180548840095,0.41827688640600635,0.7627077493056127,-0.006298700421187183,-0.03337764691069869,0.03396676228743531,2.0380057372461184,-1.7573130609662546,0.01772657477565317,1.157644856948136,0.19176971667567144,390.61381626723835,2,6.884586195261686e-07,1.1719223166142159,0.059290158322499044,False,5.055966823763747e-06,0.3033012981226142,0.5656022892573379,0.5771169393020508,test3_lm-0.20.npz
-0.2,stabilized,raw,90,0,0.4106978127002745,0.589302184189743,0.41064915798448565,0.5893022256266566,0.6408570922602593,0.005591445130389385,-0.07855985382875365,0.07875858614932911,4.725515168959746,-1.4997418152942383,0.017931679363033515,1.58692192697795,0.041007140595873036,3430.665287485485,2,1.2600013939516295e-06,1.5872207499292454,0.027075429771330366,False,4.865471578885394e-05,0.3923002325039159,0.39249380758956964,0.3856840790705441,test3_lm-0.20.npz
-0.2,stabilized,raw,90,180,0.0023928085356473908,0.9976071764363476,0.0023892627126328534,0.9976071794798088,0.04891634221451345,0.00037709473340127045,0.009664748508642169,0.009672102365735177,0.5803261419441106,1.5317985661594464,0.008157354386999455,1.58692192697795,0.041007140595873036,3430.665287485485,2,1.2600013939516295e-06,1.5872207499292454,0.027075429771330366,False,3.545823014537361e-06,0.0023072824862720694,0.0023892627126328534,0.0023892627126328534,test3_lm-0.20.npz
-0.2,stabilized,raw,90,270,0.12343618302485049,0.876563789689527,0.12340035897525059,0.8765638203528772,0.351334858823958,-0.0008399430435323479,0.022800241711297364,0.02281570788754893,1.3689424732529358,1.6076188918020202,0.006053869641547405,1.58692192697795,0.041007140595873036,3430.665287485485,2,1.2600013939516295e-06,1.5872207499292454,0.027075429771330366,False,3.582404959989738e-05,0.10839481207639455,0.12897198953811306,0.12340035897525059,test3_lm-0.20.npz
-0.2,stabilized,raw,180,0,0.6671897377519308,0.3328102574238833,0.6671841159364421,0.33281025751409665,0.8168168324367041,-0.04150532649693575,-0.09082450057080903,0.09985881048537544,5.991528629122526,-1.9994427931506327,0.014397530368629187,0.24690518118483162,0.23643118657223988,70.81615115568746,2,5.843093723993592e-08,0.3394623611183777,0.040338317562932484,False,5.621815488687787e-06,0.03848074032093619,0.15336461262757262,0.510727397072563,test3_lm-0.20.npz
-0.2,stabilized,raw,180,90,0.001355972964529303,0.9986440120074653,0.0013559713882661164,0.9986440120074694,0.03682353818591178,-0.0004032419282667117,0.0008572836018190282,0.0009473854688879611,0.056843128133277666,2.0104616019066084,0.008157354386999455,0.24690518118483162,0.23643118657223988,70.81615115568746,2,5.843093723993592e-08,0.3394623611183777,0.040338317562932484,False,1.5762631865989113e-09,0.0013559713882661164,0.0013559713882661164,0.0013559713882661164,test3_lm-0.20.npz
-0.2,stabilized,raw,180,270,0.10388949325761408,0.896110486805613,0.1038892850773327,0.896110486807512,0.32231893096374914,-0.00020132733831571445,0.009450514155149399,0.009452658382372255,0.5671595029423353,1.5920964261410993,0.007082271505236949,0.24690518118483162,0.23643118657223988,70.81615115568746,2,5.843093723993592e-08,0.3394623611183777,0.040338317562932484,False,2.0818028138858136e-07,0.10184296493832716,0.1038892850773327,0.1038892850773327,test3_lm-0.20.npz
-0.2,stabilized,raw,270,0,0.5754084220892078,0.4245915747284252,0.5753892507313929,0.4245915929317213,0.7585568021507736,0.004374219178438471,0.05369051419033864,0.053868405465949835,3.23210432795699,1.4895048805570335,0.01772657477565317,1.4338608398003512,0.13455500279677982,3909.7144791568667,2,1.0370309783453045e-06,1.4399766107389098,0.02300689495546201,False,1.9171357814928847e-05,0.4581743451957516,0.5670697423294929,0.5781295341476161,test3_lm-0.20.npz
-0.2,stabilized,raw,270,90,0.11505794796992648,0.8849420247444508,0.11505190654555214,0.8849420305456821,0.3392019280162282,0.00046867880539846953,0.010316575501445562,0.010327215980101147,0.6196329588060688,1.5253978536865986,0.006053869641547405,1.4338608398003512,0.13455500279677982,3909.7144791568667,2,1.0370309783453045e-06,1.4399766107389098,0.02300689495546201,False,6.041424374339521e-06,0.11441547719853966,0.11505190654555214,0.11505190654555214,test3_lm-0.20.npz
-0.2,stabilized,raw,270,180,0.1201887888138494,0.8798111912493785,0.12013376456003903,0.8798112449941433,0.346682547604937,-0.001758523975554758,0.03641840122690657,0.03646083315691718,2.1876499894150307,1.6190455386730755,0.007082271505236949,1.4338608398003512,0.13455500279677982,3909.7144791568667,2,1.0370309783453045e-06,1.4399766107389098,0.02300689495546201,False,5.5024253810362356e-05,0.11060516403764739,0.100265622578734,0.11999495863303294,test3_lm-0.20.npz
-0.2,stabilized,zscore,0,90,0.4543858791464595,0.5456141208532941,0.4543848340108482,0.5456141208640656,0.6740815077914981,-0.007370450848147458,-0.011290635033703192,0.013483396648072157,0.8090037988843294,-2.1491326938489976,2.012541454315696,150.0701953837437,27.62288370344708,70.91866324990465,2,0.011642043623304585,151.52670630847854,17.99290198698548,False,1.0451356112772814e-06,0.3807937133270416,0.4543848340108482,0.4543848340108482,test3_lm-0.20.npz
-0.2,stabilized,zscore,0,180,0.623126932438458,0.37687306756123834,0.6231255826350166,0.3768730675744882,0.7893838942101986,-0.007862769431405535,-0.01134271894060343,0.013801464273654775,0.8280878564192865,-2.176943739751441,1.8126820763228013,150.0701953837437,27.62288370344708,70.91866324990465,2,0.011642043623304585,151.52670630847854,17.99290198698548,False,1.349803441352826e-06,0.47816771539044584,0.6231255826350166,0.6231255826350166,test3_lm-0.20.npz
-0.2,stabilized,zscore,0,270,0.587251831333872,0.4127481686658793,0.5872507496971382,0.41274816867489383,0.7663235813505103,-0.00869969508296885,-0.010543854674575796,0.013669585433918845,0.8201751260351307,-2.260653646543268,2.0056079771096362,150.0701953837437,27.62288370344708,70.91866324990465,2,0.011642043623304585,151.52670630847854,17.99290198698548,False,1.081636733846203e-06,0.39449656765688157,0.5872507496971382,0.5872507496971382,test3_lm-0.20.npz
-0.2,stabilized,zscore,90,0,0.4595322539184795,0.5404677460812726,0.4595315021391165,0.5404677460857809,0.6778880836233069,0.00705668896252793,-0.005669095304783764,0.00905182305884206,0.5431093835305236,-0.6767892663111008,2.012541454315696,191.1757876040422,24.7861890574998,59.68743284591789,2,0.018581268467009988,191.1810535155523,24.745539208179018,False,7.517793630396064e-07,0.45295085458600326,0.4595315021391165,0.4595315021391165,test3_lm-0.20.npz
-0.2,stabilized,zscore,90,180,0.025154243408724488,0.9748457565900209,0.025152720566189696,0.9748457566131248,0.15860089346761097,-6.108147819954294e-06,-0.005715094676196194,0.0057150979403117735,0.3429058764187064,-1.5718651009518079,0.8927958223224876,191.1757876040422,24.7861890574998,59.68743284591789,2,0.018581268467009988,191.1810535155523,24.745539208179018,False,1.5228425347922625e-06,0.025152720566189696,0.025152720566189696,0.025152720566189696,test3_lm-0.20.npz
-0.2,stabilized,zscore,90,270,0.07870527734397692,0.9212947226532221,0.07870423882996916,0.9212947226680283,0.28054460847426194,-0.0008051383006761057,-0.0030543772635980384,0.0031587130530645303,0.1895227831838718,-1.828534831750559,0.5975300741120129,191.1757876040422,24.7861890574998,59.68743284591789,2,0.018581268467009988,191.1810535155523,24.745539208179018,False,1.0385140077617816e-06,0.07870423882996916,0.07870423882996916,0.07870423882996916,test3_lm-0.20.npz
-0.2,stabilized,zscore,180,0,0.5932365871452692,0.40676341285442735,0.5932356483133007,0.40676341285479906,0.7702185320707813,0.024653496104106568,-0.01936169864711216,0.0313475715910624,1.880854295463744,-0.6657458546316912,1.8126820763228013,40.399654863455936,38.82136207095341,1.7203713832337928,2,0.00156961513306521,44.55625060897384,33.97014568412589,False,9.388319684999757e-07,0.04194267868006369,0.16777071472025476,0.5932356483133007,test3_lm-0.20.npz
-0.2,stabilized,zscore,180,90,0.03206666752743627,0.9679333324713092,0.032066582234325965,0.9679333324713663,0.17907168265093246,0.0036119878525248303,0.0029343429762084395,0.004653689391097212,0.2792213634658327,0.6822503199525012,0.8927958223224876,40.399654863455936,38.82136207095341,1.7203713832337928,2,0.00156961513306521,44.55625060897384,33.97014568412589,False,8.529311030375242e-08,0.032066582234325965,0.032066582234325965,0.032066582234325965,test3_lm-0.20.npz
-0.2,stabilized,zscore,180,270,0.031863782040920774,0.9681362179572865,0.03186372129654874,0.9681362179573174,0.17850429137956536,-0.0005518152072687071,0.0032387659723416254,0.0032854383340082645,0.19712630004049586,1.739554065190586,0.7468820028791573,40.399654863455936,38.82136207095341,1.7203713832337928,2,0.00156961513306521,44.55625060897384,33.97014568412589,False,6.074437203240635e-08,0.03186372129654874,0.03186372129654874,0.03186372129654874,test3_lm-0.20.npz
-0.2,stabilized,zscore,270,0,0.572429098895461,0.4275709011042911,0.5724284204698816,0.42757090110765245,0.7565904433016988,0.008909237971067132,-0.002845060647410707,0.00935248048982458,0.5611488293894749,-0.3091025669126329,2.0056079771096362,175.22940871505722,22.214877459248413,124.83248984390373,2,0.01559942322957899,175.92874209745042,15.74560774205803,False,6.784255793812477e-07,0.5308862566286344,0.5724284204698816,0.5724284204698816,test3_lm-0.20.npz
-0.2,stabilized,zscore,270,90,0.06140313629721437,0.938596863699985,0.061402902246256004,0.9385968637054596,0.2477965623192024,0.0007027474662810655,0.001478033133814669,0.001636592785642925,0.0981955671385755,1.1269717273653934,0.5975300741120129,175.22940871505722,22.214877459248413,124.83248984390373,2,0.01559942322957899,175.92874209745042,15.74560774205803,False,2.3405095836426248e-07,0.061402902246256004,0.061402902246256004,0.061402902246256004,test3_lm-0.20.npz
-0.2,stabilized,zscore,270,180,0.03546625521692509,0.9645337447812823,0.03546619740772773,0.9645337447819905,0.1883248661672831,0.0008507093972984885,-0.0005566905730463671,0.0010166665494500398,0.060999992967002384,-0.5794509103416994,0.7468820028791573,175.22940871505722,22.214877459248413,124.83248984390373,2,0.01559942322957899,175.92874209745042,15.74560774205803,False,5.78091973596484e-08,0.03546619740772773,0.03546619740772773,0.03546619740772773,test3_lm-0.20.npz
-0.4,real,raw,0,90,0.4967027301494759,0.5032972687365885,0.49666243547900013,0.503297280912868,0.7047714027608356,-0.0136354001630516,-0.13442856338181816,0.13511832884737013,8.107099730842208,-1.6718829092761933,0.02996195070735713,1.3763191268325248,0.29408848667633564,1221.435251023529,2,9.903711884403103e-07,1.4068130794987848,0.04024097702300847,False,4.029467047578228e-05,0.15304745575577555,0.45436347829361745,0.4708789392579934,test3_lm-0.40.npz
-0.4,real,raw,0,180,0.5016971148658956,0.498302876268549,0.5016236584915906,0.49830289858919974,0.708305806037121,-0.008446372529905703,-0.06411288337002553,0.06466686186086691,3.8800117116520147,-1.7017841972864618,0.010620550576474824,1.3763191268325248,0.29408848667633564,1221.435251023529,2,9.903711884403103e-07,1.4068130794987848,0.04024097702300847,False,7.345637430500318e-05,0.44105054634253044,0.44221279119768814,0.4371951865281607,test3_lm-0.40.npz
-0.4,real,raw,0,270,0.5543150508698484,0.4456849479256,0.5542706719810561,0.4456849613338289,0.7445233716075328,-0.013657098863503728,-0.13567717519223998,0.13636279631011275,8.181767778606766,-1.6711171936024363,0.02881292176373674,1.3763191268325248,0.29408848667633564,1221.435251023529,2,9.903711884403103e-07,1.4068130794987848,0.04024097702300847,False,4.437888879238461e-05,0.16549759413142967,0.5062623593523405,0.5091841036463403,test3_lm-0.40.npz
-0.4,real,raw,90,0,0.47524502099264954,0.5247549778934159,0.47517805820388864,0.5247550579770207,0.6893801715981173,0.004181398480070094,-0.13842439772684503,0.13848753727064725,8.309252236238835,-1.5405984177083087,0.02996195070735713,1.7578239209330655,0.20172099598583124,4810.169763043922,2,1.5653181486130058e-06,1.7691769725505528,0.025478167572892448,False,6.696278876089368e-05,0.24210634739398476,0.4589296297557854,0.4536688792240043,test3_lm-0.40.npz
-0.4,real,raw,90,180,0.36410886212342025,0.6358911359421789,0.36401696920554194,0.6358912461877458,0.6034143370217684,0.006398955021066644,-0.12294286350712605,0.1231092779310051,7.386556675860306,-1.5187950481235992,0.02273666395598147,1.7578239209330655,0.20172099598583124,4810.169763043922,2,1.5653181486130058e-06,1.7691769725505528,0.025478167572892448,False,9.189291787831122e-05,0.33965043514704,0.3468017888565905,0.341498581563785,test3_lm-0.40.npz
-0.4,real,raw,90,270,0.014521636814018002,0.9854783459455793,0.01446122850184363,0.9854784186893166,0.12050575427761946,-0.0035930817026807115,0.033241015603200495,0.03343464302866651,2.0060785817199904,1.6784700925274931,0.00761598876144174,1.7578239209330655,0.20172099598583124,4810.169763043922,2,1.5653181486130058e-06,1.7691769725505528,0.025478167572892448,False,6.0408312174371065e-05,0.0033277411247384066,0.004227724161389002,0.01691089664555601,test3_lm-0.40.npz
-0.4,real,raw,180,0,0.5035434236445036,0.49645656748994166,0.5035319842285182,0.49645656800533305,0.7096079365709657,-0.010101877939389162,-0.028775077988642594,0.03049677115949787,1.829806269569872,-1.9084182194673884,0.010620550576474824,1.1634941878874618,0.18325404070809767,186.50001536463063,2,6.936503843418748e-07,1.174692520665949,0.08601308374444454,False,1.1439415985359247e-05,0.4279530344931737,0.4547107639173158,0.5035319842285182,test3_lm-0.40.npz
-0.4,real,raw,180,90,0.4065832855871728,0.5934167124784258,0.40657313284500446,0.5934167129377478,0.6376388363228614,0.019756043305924394,0.058247642319356474,0.061506821433636505,3.6904092860181903,1.2437990698935646,0.02273666395598147,1.1634941878874618,0.18325404070809767,186.50001536463063,2,6.936503843418748e-07,1.174692520665949,0.08601308374444454,False,1.0152742168367812e-05,0.18371044891378258,0.3413639517768392,0.3629995174316632,test3_lm-0.40.npz
-0.4,real,raw,180,270,0.4421496130832294,0.5578503849876596,0.44213638038105635,0.5578503855904594,0.6649433156918185,0.021306045141643266,0.06700975980126955,0.07031539993629832,4.2189239961778995,1.2629501087646173,0.02276781678041967,1.1634941878874618,0.18325404070809767,186.50001536463063,2,6.936503843418748e-07,1.174692520665949,0.08601308374444454,False,1.3232702173071598e-05,0.18289150509315633,0.35964948369713956,0.37872130484752947,test3_lm-0.40.npz
-0.4,real,raw,270,0,0.5215944640664153,0.47840553472903297,0.5215463331687391,0.47840558487086104,0.722214970812995,-0.0036171013350065674,-0.11060476070081923,0.11066388982750061,6.639833389650037,-1.6034876202193122,0.02881292176373674,1.8006732860050072,0.13018607270405153,4206.347359846795,2,1.629686348229088e-06,1.8051591728889154,0.027803902481166303,False,4.813089767619072e-05,0.2725624339371635,0.5080403632471744,0.5130739592291983,test3_lm-0.40.npz
-0.4,real,raw,270,90,0.0895827251026842,0.910417257656913,0.08921423425373604,0.9104176456548786,0.2993037338602447,0.005519191268974953,-0.08074799734364738,0.08093639816098325,4.856183889658995,-1.5025516576009197,0.00761598876144174,1.8006732860050072,0.13018607270405153,4206.347359846795,2,1.629686348229088e-06,1.8051591728889154,0.027803902481166303,False,0.00036849084894816087,0.002211971181212756,0.005091045876952635,0.02036418350781054,test3_lm-0.40.npz
-0.4,real,raw,270,180,0.40805947845397395,0.5919405196169146,0.4078469249364129,0.5919407430472169,0.6387953337759864,0.005414432220384568,-0.18368409426872864,0.18376387720004259,11.025832632002555,-1.5413279894062175,0.02276781678041967,1.8006732860050072,0.13018607270405153,4206.347359846795,2,1.629686348229088e-06,1.8051591728889154,0.027803902481166303,False,0.00021255351756105378,0.3498969888947354,0.3612279801689909,0.3571902933506467,test3_lm-0.40.npz
-0.4,real,zscore,0,90,0.5092465459039539,0.4907534540960288,0.5092401490092712,0.49075345456391034,0.713615124492155,0.0021604917703899667,-0.032539337021127594,0.032610982482354736,1.9566589489412842,-1.5044973324526922,7.6411924021989215,578.119850084032,130.22744998031473,315.84522024011557,2,0.17559087489477956,591.6701397154782,33.289571319344084,False,6.396894682736409e-06,0.40985570694180556,0.49259945236581,0.5092401490092712,test3_lm-0.40.npz
-0.4,real,zscore,0,180,0.5859050085944175,0.41409499140546213,0.5858936666630676,0.41409499226022556,0.7654443210282623,0.00013127885786120425,-0.016404199001662075,0.01640472428980909,0.9842834573885453,-1.5627937382254935,2.8867406197231635,578.119850084032,130.22744998031473,315.84522024011557,2,0.17559087489477956,591.6701397154782,33.289571319344084,False,1.1341931349884149e-05,0.5603224979961829,0.5858936666630676,0.5858936666630676,test3_lm-0.40.npz
-0.4,real,zscore,0,270,0.5269860999672473,0.4730139000327356,0.5269755619339614,0.4730139008282968,0.7259380827365701,0.0001738935449164971,-0.04223814127844715,0.04223849923497548,2.534309954098529,-1.5666793709537385,7.711006321870398,578.119850084032,130.22744998031473,315.84522024011557,2,0.17559087489477956,591.6701397154782,33.289571319344084,False,1.0538033285878434e-05,0.40155394592541854,0.496727846287341,0.5044924137679931,test3_lm-0.40.npz
-0.4,real,zscore,90,0,0.497982102841485,0.5020178971584975,0.49797342904371406,0.502017898551893,0.7056784698724236,-0.003891955983137764,-0.029901693646108535,0.030153915239656846,1.8092349143794109,-1.70022707485577,7.6411924021989215,741.2281891651229,86.4703458509057,679.5987009356234,2,0.2784481745622911,745.7066326329364,28.600125381357334,False,8.673797770919478e-06,0.47889612130080217,0.48588806082911495,0.49797342904371406,test3_lm-0.40.npz
-0.4,real,zscore,90,180,0.34871525115958824,0.6512847488403788,0.34870660241460244,0.6512847502549439,0.5905211691036895,-0.001945402408883443,-0.021804621906043053,0.021891234021817547,1.3134740413090529,-1.6597804434237837,5.555413656452732,741.2281891651229,86.4703458509057,679.5987009356234,2,0.2784481745622911,745.7066326329364,28.600125381357334,False,8.648744985795265e-06,0.33880543136653835,0.3329158511008562,0.34870660241460244,test3_lm-0.40.npz
-0.4,real,zscore,90,270,0.007210228499988706,0.9927897714996363,0.007206461914005915,0.9927897721403423,0.08491306436578948,-0.00037583226639542134,0.004230348686694326,0.004247010702068023,0.2548206421240814,1.6594055999968058,1.6331780648397418,741.2281891651229,86.4703458509057,679.5987009356234,2,0.2784481745622911,745.7066326329364,28.600125381357334,False,3.7665859827906017e-06,0.007206461914005915,0.007206461914005915,0.007206461914005915,test3_lm-0.40.npz
-0.4,real,zscore,180,0,0.5941882468531575,0.4058117531467225,0.5941844595556526,0.4058117532176968,0.770836070026019,-0.005961201017580158,-0.008821706058035117,0.010646990905714731,0.6388194543428839,-2.165055854492111,2.8867406197231635,514.4933813686818,117.07012884393808,86.8957099875132,2,0.13920442726985802,524.6346345374395,56.27925713336308,False,3.787297504942444e-06,0.5812613339897521,0.5941844595556526,0.5941844595556526,test3_lm-0.40.npz
-0.4,real,zscore,180,90,0.4608461645292233,0.5391538354707448,0.46083550259800765,0.5391538356974872,0.6788565124746343,0.01273946037905152,0.031931087688606,0.03437860107286027,2.062716064371616,1.1911805106733648,5.555413656452732,514.4933813686818,117.07012884393808,86.8957099875132,2,0.13920442726985802,524.6346345374395,56.27925713336308,False,1.066193121562753e-05,0.3148265354360583,0.3618157517850148,0.44856610631746313,test3_lm-0.40.npz
-0.4,real,zscore,180,270,0.45027693846467254,0.5497230615352973,0.45026682829353115,0.5497230617500105,0.6710267792455622,0.01306898101659032,0.032403620624866125,0.03493984680006836,2.096390808004102,1.1874324155959375,5.798129035414257,514.4933813686818,117.07012884393808,86.8957099875132,2,0.13920442726985802,524.6346345374395,56.27925713336308,False,1.011017114138646e-05,0.3037249423005242,0.34573609579523534,0.44093851813811613,test3_lm-0.40.npz
-0.4,real,zscore,270,0,0.49051527945355683,0.5094847205464256,0.49050626315535073,0.509484722371488,0.7003679600421173,-0.004865037705314736,-0.029382211982801713,0.029782259364870736,1.7869355618922442,-1.7348852367637937,7.711006321870398,775.0596527842969,59.79136662395008,854.07203971912,2,0.30214623644843713,776.9080119679484,26.578446848612412,False,9.016298206099282e-06,0.47278035851357025,0.485996143100676,0.49050626315535073,test3_lm-0.40.npz
-0.4,real,zscore,270,90,0.0025292929526295033,0.9974707070469954,0.0025288659261753,0.9974707071378649,0.050292076439828005,-7.26972471731392e-08,-0.0013727489573656737,0.0013727489592906031,0.0823649375574362,-1.5708492842178217,1.6331780648397418,775.0596527842969,59.79136662395008,854.07203971912,2,0.30214623644843713,776.9080119679484,26.578446848612412,False,4.2702645420330393e-07,0.0025288659261753,0.0025288659261753,0.0025288659261753,test3_lm-0.40.npz
-0.4,real,zscore,270,180,0.33816558855762496,0.6618344114423456,0.33814292316774375,0.6618344162217982,0.5815200672011457,-0.0017266097191619562,-0.03546385769691047,0.0355058640772059,2.130351844632354,-1.6194443739250786,5.798129035414257,775.0596527842969,59.79136662395008,854.07203971912,2,0.30214623644843713,776.9080119679484,26.578446848612412,False,2.2665389881215692e-05,0.31195764269982773,0.3162436356443084,0.31554260350729746,test3_lm-0.40.npz
-0.4,stabilized,raw,0,90,0.6199237551919935,0.380076244226096,0.6198541583643749,0.380076265329738,0.7873523704111098,-0.02905272677328487,-0.24396584126133905,0.24568962663351507,14.741377598010905,-1.6893233649092338,0.04145452563353722,1.3763191268325248,0.29408848667633564,1221.435251023529,2,9.903711884403103e-07,1.4068130794987848,0.04024097702300847,False,6.959682761864538e-05,0.07995072107607881,0.31950241102078747,0.5614616491269941,test3_lm-0.40.npz
-0.4,stabilized,raw,0,180,0.6063209336557459,0.39367906270091446,0.6062248948109726,0.39367909189871386,0.7786661246360637,-0.015456369268287837,-0.11430333276609064,0.11534362241751091,6.920617345050655,-1.7052034528656583,0.016567239351970884,1.3763191268325248,0.29408848667633564,1221.435251023529,2,9.903711884403103e-07,1.4068130794987848,0.04024097702300847,False,9.603884477327185e-05,0.4771371785727079,0.5158302396934852,0.5397512532552029,test3_lm-0.40.npz
-0.4,stabilized,raw,0,270,0.6825043735272213,0.317495625791163,0.6824387237823664,0.31749564566803934,0.826138229067764,-0.024325800076127085,-0.21913274370932684,0.2204788060447562,13.228728362685372,-1.6813531017053227,0.03830276091808819,1.3763191268325248,0.29408848667633564,1221.435251023529,2,9.903711884403103e-07,1.4068130794987848,0.04024097702300847,False,6.564974485490094e-05,0.09367227274052016,0.3742466143365425,0.6188988770324516,test3_lm-0.40.npz
-0.4,stabilized,raw,90,0,0.5813433734529639,0.4186566259651257,0.5812236320651253,0.41865676949224906,0.7624587683625679,0.011547819565661798,-0.255962189553506,0.2562225490032953,15.373352940197716,-1.5257115650374116,0.04145452563353722,1.7578239209330655,0.20172099598583124,4810.169763043922,2,1.5653181486130058e-06,1.7691769725505528,0.025478167572892448,False,0.00011974138783865662,0.12647434716022227,0.5040461982824838,0.5526435078289844,test3_lm-0.40.npz
-0.4,stabilized,raw,90,180,0.4183313411975495,0.5816686576931368,0.41824354519929285,0.5816687629386932,0.6467853903711412,0.007267539567440693,-0.15873717186268896,0.15890345138583103,9.534207083149862,-1.5250447995098393,0.03002428952718839,1.7578239209330655,0.20172099598583124,4810.169763043922,2,1.5653181486130058e-06,1.7691769725505528,0.025478167572892448,False,8.779599825664564e-05,0.2410466019157071,0.3985373610049034,0.4094324127560204,test3_lm-0.40.npz
-0.4,stabilized,raw,90,270,0.022283363355388858,0.9777166249301007,0.022203003727940873,0.9777167216956559,0.14927613123131528,0.004904752837269217,-0.04652419215386884,0.04678201637344003,2.806920982406402,-1.4657606003081856,0.009239275647380266,1.7578239209330655,0.20172099598583124,4810.169763043922,2,1.5653181486130058e-06,1.7691769725505528,0.025478167572892448,False,8.035962744798453e-05,0.0053527890080967006,0.009044535460387061,0.011490617707657325,test3_lm-0.40.npz
-0.4,stabilized,raw,180,0,0.6762241284304906,0.3237758679261706,0.6761973893452485,0.3237758691544746,0.8223284796421018,-0.02017512551209676,-0.06987826194666322,0.07273243555742746,4.363946133445648,-1.8518709739677182,0.016567239351970884,1.1634941878874618,0.18325404070809767,186.50001536463063,2,6.936503843418748e-07,1.174692520665949,0.08601308374444454,False,2.673908524208901e-05,0.33878349699171995,0.5119862491448761,0.5639854758554419,test3_lm-0.40.npz
-0.4,stabilized,raw,180,90,0.5117047447068509,0.48829525418383546,0.5116861326724015,0.4882952550368772,0.7153354071390923,0.03131897657193249,0.10541599587398949,0.10997004355558938,6.598202613335363,1.2820032111641113,0.03002428952718839,1.1634941878874618,0.18325404070809767,186.50001536463063,2,6.936503843418748e-07,1.174692520665949,0.08601308374444454,False,1.8612034449416726e-05,0.10580278382304406,0.35557377687781466,0.4082640879275095,test3_lm-0.40.npz
-0.4,stabilized,raw,180,270,0.539895988822961,0.4601040097866087,0.5398840212995804,0.4601040103251759,0.734776148784758,0.02630107928810989,0.07424387614036627,0.07876483933879058,4.725890360327435,1.2303381166906304,0.026817935072286258,1.1634941878874618,0.18325404070809767,186.50001536463063,2,6.936503843418748e-07,1.174692520665949,0.08601308374444454,False,1.1967523380618239e-05,0.13289176444215456,0.4315346432128874,0.4806453738228858,test3_lm-0.40.npz
-0.4,stabilized,raw,270,0,0.6169236301936543,0.38307636912473025,0.6169201037430704,0.38307637218902685,0.7854448613325153,-0.014066313331766715,-0.03725691244987277,0.03982384582188067,2.38943074931284,-1.9317999392403453,0.03830276091808819,1.8006732860050072,0.13018607270405153,4206.347359846795,2,1.629686348229088e-06,1.8051591728889154,0.027803902481166303,False,3.526450583879459e-06,0.15424394902255428,0.6103270687118045,0.6189298657335507,test3_lm-0.40.npz
-0.4,stabilized,raw,270,90,0.06055575992250727,0.9394442283629822,0.06032325568568517,0.9394444731712486,0.2460807995811686,-0.005126123651161243,0.07782471269133777,0.07799335259607876,4.6796011557647255,1.6365688741426594,0.009239275647380266,1.8006732860050072,0.13018607270405153,4206.347359846795,2,1.629686348229088e-06,1.8051591728889154,0.027803902481166303,False,0.00023250423682210503,0.005836414872676121,0.006011961578713685,0.013837057402766964,test3_lm-0.40.npz
-0.4,stabilized,raw,270,180,0.46711439512742486,0.5328856034821446,0.46708704693567915,0.5328856317931318,0.6834576761785801,-0.004634208050783251,-0.07750375665623636,0.07764218041816605,4.658530825089963,-1.6305185552535368,0.026817935072286258,1.8006732860050072,0.13018607270405153,4206.347359846795,2,1.629686348229088e-06,1.8051591728889154,0.027803902481166303,False,2.7348191745713013e-05,0.3146226094575837,0.45687867134579974,0.4583540225984685,test3_lm-0.40.npz
-0.4,stabilized,zscore,0,90,0.49088795354887876,0.5091120464510951,0.4908871709186253,0.509112046457604,0.7006339654547721,0.012691347091619808,-0.015242495176140482,0.019834413280826645,1.1900647968495988,-0.876473728203995,6.105515587595697,264.1586379019125,66.16934253473505,87.22843297678338,2,0.03707908393483642,270.7723758316616,28.991177212218336,False,7.826302534374996e-07,0.13652172998023485,0.4786352424570507,0.4908871709186253,test3_lm-0.40.npz
-0.4,stabilized,zscore,0,180,0.490154610323737,0.5098453896761216,0.49015316691060723,0.5098453896973894,0.7001104272354018,0.004521237890885476,-0.010832868473662311,0.011738510613942698,0.7043106368365618,-1.175412075055724,2.6607273063290124,264.1586379019125,66.16934253473505,87.22843297678338,2,0.03707908393483642,270.7723758316616,28.991177212218336,False,1.443413129742499e-06,0.4707796658906259,0.49015316691060723,0.49015316691060723,test3_lm-0.40.npz
-0.4,stabilized,zscore,0,270,0.5787322493567978,0.4212677506431734,0.5787308340816655,0.421267750661837,0.7607445361991092,0.011646169591728277,-0.022990588721450385,0.02577208637107555,1.546325182264533,-1.1019125283846773,5.899449662274629,264.1586379019125,66.16934253473505,87.22843297678338,2,0.03707908393483642,270.7723758316616,28.991177212218336,False,1.415275132310434e-06,0.14616019585467005,0.534384287632933,0.5787308340816655,test3_lm-0.40.npz
-0.4,stabilized,zscore,90,0,0.5022226798440934,0.4977773201558798,0.5022190638158488,0.49777732032693495,0.7086767103864028,-0.009087116504335122,-0.0329949549318015,0.03422342381052737,2.0534054286316423,-1.8395429944238997,6.105515587595697,336.4874891114578,43.11155232914824,217.72136660220966,2,0.05754121813638118,338.46171611953224,22.93693515235876,False,3.6160282446129344e-06,0.21320035655929973,0.4835820577943468,0.5011543363390727,test3_lm-0.40.npz
-0.4,stabilized,zscore,90,180,0.38496244271566255,0.6150375572842744,0.3849590665794434,0.6150375574485933,0.6204534170392347,-0.004958205236823973,-0.021128290513827138,0.021702268526749606,1.3021361116049763,-1.8012968491804253,4.006916061697884,336.4874891114578,43.11155232914824,217.72136660220966,2,0.05754121813638118,338.46171611953224,22.93693515235876,False,3.3761362191464528e-06,0.35857858191129904,0.38027479760822686,0.3849590665794434,test3_lm-0.40.npz
-0.4,stabilized,zscore,90,270,0.046366898562240196,0.9536331014369619,0.04636270313565346,0.9536331016648885,0.21532974379365288,0.0012719039386956035,-0.006639698164476341,0.006760423902731239,0.40562543416387437,-1.3815286779570257,1.119701310646966,336.4874891114578,43.11155232914824,217.72136660220966,2,0.05754121813638118,338.46171611953224,22.93693515235876,False,4.195426586736661e-06,0.04636270313565346,0.04636270313565346,0.04636270313565346,test3_lm-0.40.npz
-0.4,stabilized,zscore,180,0,0.569292489201585,0.4307075107982745,0.569287876949673,0.4307075108531865,0.7545147375642076,-0.011114557563548993,-0.020759750541976117,0.02354783710659053,1.4128702263954318,-2.062353298879031,2.6607273063290124,237.53193388325923,49.63700412964227,52.30878490147932,2,0.029442625896643575,240.37610785661587,33.23520069131096,False,4.612251912061716e-06,0.42434837859967206,0.5203813008997848,0.569287876949673,test3_lm-0.40.npz
-0.4,stabilized,zscore,180,90,0.4229435912470445,0.5770564087528933,0.42294012432903544,0.577056408794237,0.6503411345186805,0.01444646442915529,0.027139675427328144,0.030745118584965127,1.8447071150979075,1.08164340758009,4.006916061697884,237.53193388325923,49.63700412964227,52.30878490147932,2,0.029442625896643575,240.37610785661587,33.23520069131096,False,3.4669180090651786e-06,0.23473965006611944,0.3593713348578815,0.42294012432903544,test3_lm-0.40.npz
-0.4,stabilized,zscore,180,270,0.5213603447940784,0.4786396552058536,0.5213578086211407,0.47863965523321905,0.7220528684203661,0.014348216183177099,0.020454411123405836,0.02498508038899402,1.4991048233396413,0.9590824869217125,3.80712319565281,237.53193388325923,49.63700412964227,52.30878490147932,2,0.029442625896643575,240.37610785661587,33.23520069131096,False,2.5361729377726405e-06,0.2710312786910542,0.4810089495637982,0.5213578086211407,test3_lm-0.40.npz
-0.4,stabilized,zscore,270,0,0.5607019574612728,0.4392980425386984,0.5607003767888488,0.4392980425995138,0.7488003455269454,-0.01145687356615518,-0.017889388744710976,0.021243591541221487,1.2746154924732893,-2.1404134126613363,5.899449662274629,347.6206726253275,32.50633056571376,236.48061980824443,2,0.06094839678166626,348.4014386542122,22.654604543178255,False,1.5806724240619019e-06,0.24210209245443115,0.5593209202732248,0.5607003767888488,test3_lm-0.40.npz
-0.4,stabilized,zscore,270,90,0.048413977423382305,0.9515860225758198,0.04840915219831308,0.951586022860636,0.2200317645781679,-0.0010095699738320574,0.00697181251200947,0.007044529880316717,0.422671792819003,1.714604099637005,1.119701310646966,347.6206726253275,32.50633056571376,236.48061980824443,2,0.06094839678166626,348.4014386542122,22.654604543178255,False,4.825225069227113e-06,0.04840915219831308,0.04840915219831308,0.04840915219831308,test3_lm-0.40.npz
-0.4,stabilized,zscore,270,180,0.47201851188367283,0.5279814881162582,0.4720165301165225,0.5279814882062766,0.6870360339048257,-0.006540180233283296,-0.013887337941844118,0.01535031311064412,0.9210187866386472,-2.0109314152242277,3.80712319565281,347.6206726253275,32.50633056571376,236.48061980824443,2,0.06094839678166626,348.4014386542122,22.654604543178255,False,1.981767150327496e-06,0.45680995039744365,0.4720165301165225,0.4720165301165225,test3_lm-0.40.npz
