decoder_mode,latent,feature_space_mode,contrast,lhs,rhs,observation_scale,prior_family,mean_feature_cosine_delta,ci_low,ci_high,fraction_positive,n
linear_gaussian,pyramid_local_field,fold_centered_whitened_pca,known_minus_hidden,known_eye,hidden_eye_tau_marginal,0.5,all,0.009766760010894472,-0.014847977433430519,0.03622811029803265,0.5078125,256
linear_gaussian,pyramid_local_field,fold_zscore_pca,known_minus_hidden,known_eye,hidden_eye_tau_marginal,0.5,all,0.010583699190150541,-0.007627748340241971,0.027641147210704493,0.546875,256
linear_gaussian,pyramid_local_field,fold_zscore_whitened_pca,known_minus_hidden,known_eye,hidden_eye_tau_marginal,0.5,all,0.01298329290337831,-0.014058287766487048,0.04095887982245843,0.5234375,256
linear_gaussian,pyramid_local_field,global_centered_whitened_pca,known_minus_hidden,known_eye,hidden_eye_tau_marginal,0.5,all,0.018066640520989184,-0.01105598566981254,0.04669975725754625,0.5390625,256
linear_gaussian,pyramid_local_field,fold_centered_whitened_pca,known_minus_hidden,known_eye,hidden_eye_tau_marginal,1.0,all,0.02536864234243169,0.0006211505883556393,0.05136595664909767,0.5234375,256
linear_gaussian,pyramid_local_field,fold_zscore_pca,known_minus_hidden,known_eye,hidden_eye_tau_marginal,1.0,all,0.0009361597474242078,-0.017848769984652433,0.0182134758278503,0.5078125,256
linear_gaussian,pyramid_local_field,fold_zscore_whitened_pca,known_minus_hidden,known_eye,hidden_eye_tau_marginal,1.0,all,0.028048208938412783,0.0021102046230436046,0.053920006510490545,0.515625,256
linear_gaussian,pyramid_local_field,global_centered_whitened_pca,known_minus_hidden,known_eye,hidden_eye_tau_marginal,1.0,all,0.028706838908044326,0.0015147283488514019,0.05489636708852019,0.515625,256
linear_gaussian,pyramid_local_field,fold_centered_whitened_pca,known_minus_hidden,known_eye,hidden_eye_tau_marginal,2.0,all,0.027715272359555388,-0.0008450738312198278,0.05611882192379103,0.546875,256
linear_gaussian,pyramid_local_field,fold_zscore_pca,known_minus_hidden,known_eye,hidden_eye_tau_marginal,2.0,all,-0.0036773192201718704,-0.022818860696529466,0.014858104225781718,0.4609375,256
linear_gaussian,pyramid_local_field,fold_zscore_whitened_pca,known_minus_hidden,known_eye,hidden_eye_tau_marginal,2.0,all,0.029089047061809432,0.0035621416641699374,0.05510006616559915,0.5390625,256
linear_gaussian,pyramid_local_field,global_centered_whitened_pca,known_minus_hidden,known_eye,hidden_eye_tau_marginal,2.0,all,0.02068767596452917,-0.008877871860884127,0.0474468538361142,0.5625,256
linear_gaussian,pyramid_local_field,fold_centered_whitened_pca,known_minus_hidden,known_eye,hidden_eye_tau_marginal,all,all,0.02095022490429385,0.006482689728158845,0.035766996969042814,0.5260416666666666,768
linear_gaussian,pyramid_local_field,fold_zscore_pca,known_minus_hidden,known_eye,hidden_eye_tau_marginal,all,all,0.0026141799058009563,-0.0074974695723561005,0.013525826332625408,0.5052083333333334,768
linear_gaussian,pyramid_local_field,fold_zscore_whitened_pca,known_minus_hidden,known_eye,hidden_eye_tau_marginal,all,all,0.023373516301200176,0.008145642605459247,0.03910915838731649,0.5260416666666666,768
linear_gaussian,pyramid_local_field,global_centered_whitened_pca,known_minus_hidden,known_eye,hidden_eye_tau_marginal,all,all,0.022487051797854225,0.007238754640466268,0.03832677856337842,0.5390625,768
linear_gaussian,pyramid_local_field,fold_centered_whitened_pca,hidden_minus_zero_eye_model,hidden_eye_tau_marginal,zero_eye_on_motion,0.5,all,-0.008936386427832368,-0.04002558191599408,0.021732935549438004,0.4765625,256
linear_gaussian,pyramid_local_field,fold_zscore_pca,hidden_minus_zero_eye_model,hidden_eye_tau_marginal,zero_eye_on_motion,0.5,all,-0.10394989027172,-0.14055443381124272,-0.07066480451008939,0.3515625,256
linear_gaussian,pyramid_local_field,fold_zscore_whitened_pca,hidden_minus_zero_eye_model,hidden_eye_tau_marginal,zero_eye_on_motion,0.5,all,0.004794860107726114,-0.025594019710294614,0.03745306527681997,0.4921875,256
linear_gaussian,pyramid_local_field,global_centered_whitened_pca,hidden_minus_zero_eye_model,hidden_eye_tau_marginal,zero_eye_on_motion,0.5,all,0.007832910718066629,-0.021981265895569525,0.039215912318767254,0.5,256
linear_gaussian,pyramid_local_field,fold_centered_whitened_pca,hidden_minus_zero_eye_model,hidden_eye_tau_marginal,zero_eye_on_motion,1.0,all,0.06058683436331495,0.030628921905606486,0.09212611063491588,0.578125,256
linear_gaussian,pyramid_local_field,fold_zscore_pca,hidden_minus_zero_eye_model,hidden_eye_tau_marginal,zero_eye_on_motion,1.0,all,0.022125913485612124,-0.007821817346375177,0.051684336826479174,0.546875,256
linear_gaussian,pyramid_local_field,fold_zscore_whitened_pca,hidden_minus_zero_eye_model,hidden_eye_tau_marginal,zero_eye_on_motion,1.0,all,0.09107932538527116,0.06408133020280653,0.12098656730370944,0.6328125,256
linear_gaussian,pyramid_local_field,global_centered_whitened_pca,hidden_minus_zero_eye_model,hidden_eye_tau_marginal,zero_eye_on_motion,1.0,all,0.07867722457687987,0.04912182714255041,0.11027004380079759,0.6328125,256
linear_gaussian,pyramid_local_field,fold_centered_whitened_pca,hidden_minus_zero_eye_model,hidden_eye_tau_marginal,zero_eye_on_motion,2.0,all,0.07631924929094357,0.04934513714337313,0.10362824496108465,0.640625,256
linear_gaussian,pyramid_local_field,fold_zscore_pca,hidden_minus_zero_eye_model,hidden_eye_tau_marginal,zero_eye_on_motion,2.0,all,0.07516901339366108,0.05283468866270602,0.09891431150725563,0.6484375,256
linear_gaussian,pyramid_local_field,fold_zscore_whitened_pca,hidden_minus_zero_eye_model,hidden_eye_tau_marginal,zero_eye_on_motion,2.0,all,0.10012345589179812,0.07507416479487322,0.12488372357337962,0.6796875,256
linear_gaussian,pyramid_local_field,global_centered_whitened_pca,hidden_minus_zero_eye_model,hidden_eye_tau_marginal,zero_eye_on_motion,2.0,all,0.08297462044150358,0.055767072300671544,0.10816725822003433,0.65625,256
linear_gaussian,pyramid_local_field,fold_centered_whitened_pca,hidden_minus_zero_eye_model,hidden_eye_tau_marginal,zero_eye_on_motion,all,all,0.04265656574214205,0.02494220950682296,0.05994835203994179,0.5651041666666666,768
linear_gaussian,pyramid_local_field,fold_zscore_pca,hidden_minus_zero_eye_model,hidden_eye_tau_marginal,zero_eye_on_motion,all,all,-0.0022183211308156024,-0.020777416565548316,0.016514365157110716,0.515625,768
linear_gaussian,pyramid_local_field,fold_zscore_whitened_pca,hidden_minus_zero_eye_model,hidden_eye_tau_marginal,zero_eye_on_motion,all,all,0.06533254712826514,0.04905958512038595,0.08139569999041933,0.6015625,768
linear_gaussian,pyramid_local_field,global_centered_whitened_pca,hidden_minus_zero_eye_model,hidden_eye_tau_marginal,zero_eye_on_motion,all,all,0.05649491857881669,0.03950183426424648,0.07402733814246214,0.5963541666666666,768
linear_gaussian,pyramid_local_field,fold_centered_whitened_pca,known_minus_zero_eye_model,known_eye,zero_eye_on_motion,0.5,all,0.0008303735830621009,-0.032441072601306624,0.03350963761100286,0.484375,256
linear_gaussian,pyramid_local_field,fold_zscore_pca,known_minus_zero_eye_model,known_eye,zero_eye_on_motion,0.5,all,-0.09336619108156949,-0.12904307052031713,-0.05889175033226435,0.3359375,256
linear_gaussian,pyramid_local_field,fold_zscore_whitened_pca,known_minus_zero_eye_model,known_eye,zero_eye_on_motion,0.5,all,0.01777815301110442,-0.013147787611738387,0.0493592515784173,0.546875,256
linear_gaussian,pyramid_local_field,global_centered_whitened_pca,known_minus_zero_eye_model,known_eye,zero_eye_on_motion,0.5,all,0.025899551239055817,-0.004868094448725543,0.057589167119367464,0.5703125,256
linear_gaussian,pyramid_local_field,fold_centered_whitened_pca,known_minus_zero_eye_model,known_eye,zero_eye_on_motion,1.0,all,0.08595547670574663,0.052601949922296276,0.11938833558138369,0.625,256
linear_gaussian,pyramid_local_field,fold_zscore_pca,known_minus_zero_eye_model,known_eye,zero_eye_on_motion,1.0,all,0.023062073233036332,-0.00905682979468412,0.05606153196440178,0.5,256
linear_gaussian,pyramid_local_field,fold_zscore_whitened_pca,known_minus_zero_eye_model,known_eye,zero_eye_on_motion,1.0,all,0.11912753432368396,0.08762625182906156,0.15100653556583693,0.6640625,256
linear_gaussian,pyramid_local_field,global_centered_whitened_pca,known_minus_zero_eye_model,known_eye,zero_eye_on_motion,1.0,all,0.1073840634849242,0.07482799336070402,0.1412872788945996,0.6484375,256
linear_gaussian,pyramid_local_field,fold_centered_whitened_pca,known_minus_zero_eye_model,known_eye,zero_eye_on_motion,2.0,all,0.10403452165049895,0.07379727957442003,0.13426940192074324,0.6796875,256
linear_gaussian,pyramid_local_field,fold_zscore_pca,known_minus_zero_eye_model,known_eye,zero_eye_on_motion,2.0,all,0.07149169417348922,0.039738211714545904,0.10239125259955563,0.5625,256
linear_gaussian,pyramid_local_field,fold_zscore_whitened_pca,known_minus_zero_eye_model,known_eye,zero_eye_on_motion,2.0,all,0.12921250295360753,0.10027427709192778,0.15781260327571042,0.6875,256
linear_gaussian,pyramid_local_field,global_centered_whitened_pca,known_minus_zero_eye_model,known_eye,zero_eye_on_motion,2.0,all,0.10366229640603274,0.07356176606872333,0.13311017739259698,0.671875,256
linear_gaussian,pyramid_local_field,fold_centered_whitened_pca,known_minus_zero_eye_model,known_eye,zero_eye_on_motion,all,all,0.0636067906464359,0.04525194901892271,0.08179004141544413,0.5963541666666666,768
linear_gaussian,pyramid_local_field,fold_zscore_pca,known_minus_zero_eye_model,known_eye,zero_eye_on_motion,all,all,0.00039585877498535954,-0.019178652389819213,0.01906728696413968,0.4661458333333333,768
linear_gaussian,pyramid_local_field,fold_zscore_whitened_pca,known_minus_zero_eye_model,known_eye,zero_eye_on_motion,all,all,0.08870606342946531,0.06973055999004697,0.10671828868861481,0.6328125,768
linear_gaussian,pyramid_local_field,global_centered_whitened_pca,known_minus_zero_eye_model,known_eye,zero_eye_on_motion,all,all,0.07898197037667093,0.06029824052257221,0.09786234833621943,0.6302083333333334,768
linear_gaussian,pyramid_local_field,fold_centered_whitened_pca,known_motion_minus_zero_static,known_eye,zero_static,0.5,all,-0.09628169725142452,-0.12409496398550285,-0.07036977145792822,0.3203125,256
linear_gaussian,pyramid_local_field,fold_zscore_pca,known_motion_minus_zero_static,known_eye,zero_static,0.5,all,-0.21175202799302525,-0.23703690607122033,-0.18721038072285356,0.1328125,256
linear_gaussian,pyramid_local_field,fold_zscore_whitened_pca,known_motion_minus_zero_static,known_eye,zero_static,0.5,all,-0.1086456013684902,-0.13479120755169222,-0.0852139243238835,0.3125,256
linear_gaussian,pyramid_local_field,global_centered_whitened_pca,known_motion_minus_zero_static,known_eye,zero_static,0.5,all,-0.07506665604039471,-0.10228848063876692,-0.04631979183438926,0.3671875,256
linear_gaussian,pyramid_local_field,fold_centered_whitened_pca,known_motion_minus_zero_static,known_eye,zero_static,1.0,all,-0.05465993293997167,-0.08100870368295542,-0.027885688877325364,0.40625,256
linear_gaussian,pyramid_local_field,fold_zscore_pca,known_motion_minus_zero_static,known_eye,zero_static,1.0,all,-0.16952464864973485,-0.19127633719809578,-0.14745606670523495,0.1640625,256
linear_gaussian,pyramid_local_field,fold_zscore_whitened_pca,known_motion_minus_zero_static,known_eye,zero_static,1.0,all,-0.06299749276860252,-0.08771894680773905,-0.039800852999503006,0.3828125,256
linear_gaussian,pyramid_local_field,global_centered_whitened_pca,known_motion_minus_zero_static,known_eye,zero_static,1.0,all,-0.04151881700386652,-0.06735247775207702,-0.014837080105643798,0.390625,256
linear_gaussian,pyramid_local_field,fold_centered_whitened_pca,known_motion_minus_zero_static,known_eye,zero_static,2.0,all,-0.05692974662710168,-0.08400148232186859,-0.02851299410056241,0.421875,256
linear_gaussian,pyramid_local_field,fold_zscore_pca,known_motion_minus_zero_static,known_eye,zero_static,2.0,all,-0.17245415946599923,-0.19502899108050264,-0.1498737425170041,0.1796875,256
linear_gaussian,pyramid_local_field,fold_zscore_whitened_pca,known_motion_minus_zero_static,known_eye,zero_static,2.0,all,-0.07583672877602864,-0.1036774066469094,-0.04974504972788847,0.390625,256
linear_gaussian,pyramid_local_field,global_centered_whitened_pca,known_motion_minus_zero_static,known_eye,zero_static,2.0,all,-0.06318919430588885,-0.09336324313237218,-0.03450142325480465,0.3984375,256
linear_gaussian,pyramid_local_field,fold_centered_whitened_pca,known_motion_minus_zero_static,known_eye,zero_static,all,all,-0.0692904589394993,-0.08467247663836062,-0.05306414266510654,0.3828125,768
linear_gaussian,pyramid_local_field,fold_zscore_pca,known_motion_minus_zero_static,known_eye,zero_static,all,all,-0.18457694536958646,-0.19859702786296363,-0.17096000426966368,0.15885416666666666,768
linear_gaussian,pyramid_local_field,fold_zscore_whitened_pca,known_motion_minus_zero_static,known_eye,zero_static,all,all,-0.0824932743043738,-0.09686481880486221,-0.06847630099212991,0.3619791666666667,768
linear_gaussian,pyramid_local_field,global_centered_whitened_pca,known_motion_minus_zero_static,known_eye,zero_static,all,all,-0.059924889116716694,-0.0758354023023013,-0.04440714546580596,0.3854166666666667,768
linear_gaussian,pyramid_local_field,fold_centered_whitened_pca,hidden_motion_minus_zero_static,hidden_eye_tau_marginal,zero_static,0.5,all,-0.10604845726231898,-0.13479283349720453,-0.07676734707347668,0.328125,256
linear_gaussian,pyramid_local_field,fold_zscore_pca,hidden_motion_minus_zero_static,hidden_eye_tau_marginal,zero_static,0.5,all,-0.22233572718317582,-0.24579439949238296,-0.19803571453370072,0.1328125,256
linear_gaussian,pyramid_local_field,fold_zscore_whitened_pca,hidden_motion_minus_zero_static,hidden_eye_tau_marginal,zero_static,0.5,all,-0.12162889427186853,-0.15071925399943295,-0.09345977061419515,0.3203125,256
linear_gaussian,pyramid_local_field,global_centered_whitened_pca,hidden_motion_minus_zero_static,hidden_eye_tau_marginal,zero_static,0.5,all,-0.0931332965613839,-0.12429957839445234,-0.06189281960027326,0.4140625,256
linear_gaussian,pyramid_local_field,fold_centered_whitened_pca,hidden_motion_minus_zero_static,hidden_eye_tau_marginal,zero_static,1.0,all,-0.08002857528240337,-0.10769957350006439,-0.05275645487822497,0.359375,256
linear_gaussian,pyramid_local_field,fold_zscore_pca,hidden_motion_minus_zero_static,hidden_eye_tau_marginal,zero_static,1.0,all,-0.17046080839715905,-0.19085757860197655,-0.14918882685112397,0.171875,256
linear_gaussian,pyramid_local_field,fold_zscore_whitened_pca,hidden_motion_minus_zero_static,hidden_eye_tau_marginal,zero_static,1.0,all,-0.09104570170701529,-0.11830041638901784,-0.06418226913407563,0.3515625,256
linear_gaussian,pyramid_local_field,global_centered_whitened_pca,hidden_motion_minus_zero_static,hidden_eye_tau_marginal,zero_static,1.0,all,-0.07022565591191085,-0.09707633805603699,-0.042962351978802556,0.3828125,256
linear_gaussian,pyramid_local_field,fold_centered_whitened_pca,hidden_motion_minus_zero_static,hidden_eye_tau_marginal,zero_static,2.0,all,-0.08464501898665708,-0.11397814312882117,-0.054430710345958026,0.3671875,256
linear_gaussian,pyramid_local_field,fold_zscore_pca,hidden_motion_minus_zero_static,hidden_eye_tau_marginal,zero_static,2.0,all,-0.16877684024582734,-0.19306468963715576,-0.14541539033883175,0.21875,256
linear_gaussian,pyramid_local_field,fold_zscore_whitened_pca,hidden_motion_minus_zero_static,hidden_eye_tau_marginal,zero_static,2.0,all,-0.10492577583783806,-0.13664138774484197,-0.07470222354758455,0.3515625,256
linear_gaussian,pyramid_local_field,global_centered_whitened_pca,hidden_motion_minus_zero_static,hidden_eye_tau_marginal,zero_static,2.0,all,-0.08387687027041801,-0.11497778435049906,-0.053961164997578394,0.359375,256
linear_gaussian,pyramid_local_field,fold_centered_whitened_pca,hidden_motion_minus_zero_static,hidden_eye_tau_marginal,zero_static,all,all,-0.09024068384379313,-0.10693730166758399,-0.0726895980839107,0.3515625,768
linear_gaussian,pyramid_local_field,fold_zscore_pca,hidden_motion_minus_zero_static,hidden_eye_tau_marginal,zero_static,all,all,-0.18719112527538742,-0.20073835069349782,-0.17415099548663202,0.17447916666666666,768
linear_gaussian,pyramid_local_field,fold_zscore_whitened_pca,hidden_motion_minus_zero_static,hidden_eye_tau_marginal,zero_static,all,all,-0.10586679060557397,-0.12198140201367602,-0.08939841196537911,0.3411458333333333,768
linear_gaussian,pyramid_local_field,global_centered_whitened_pca,hidden_motion_minus_zero_static,hidden_eye_tau_marginal,zero_static,all,all,-0.08241194091457092,-0.09962008684091321,-0.06620425971543813,0.3854166666666667,768
linear_gaussian,pyramid_local_field,fold_centered_whitened_pca,known_eye_parallel_minus_orthogonal,known_eye:axis_edge_parallel,known_eye:axis_edge_orthogonal,0.5,axis_pair,0.0,0.0,0.0,0.0,128
linear_gaussian,pyramid_local_field,fold_zscore_pca,known_eye_parallel_minus_orthogonal,known_eye:axis_edge_parallel,known_eye:axis_edge_orthogonal,0.5,axis_pair,0.0,0.0,0.0,0.0,128
linear_gaussian,pyramid_local_field,fold_zscore_whitened_pca,known_eye_parallel_minus_orthogonal,known_eye:axis_edge_parallel,known_eye:axis_edge_orthogonal,0.5,axis_pair,0.0,0.0,0.0,0.0,128
linear_gaussian,pyramid_local_field,global_centered_whitened_pca,known_eye_parallel_minus_orthogonal,known_eye:axis_edge_parallel,known_eye:axis_edge_orthogonal,0.5,axis_pair,0.0,0.0,0.0,0.0,128
linear_gaussian,pyramid_local_field,fold_centered_whitened_pca,known_eye_parallel_minus_orthogonal,known_eye:axis_edge_parallel,known_eye:axis_edge_orthogonal,1.0,axis_pair,8.673617379884035e-19,0.0,2.6020852139652106e-18,0.0078125,128
linear_gaussian,pyramid_local_field,fold_zscore_pca,known_eye_parallel_minus_orthogonal,known_eye:axis_edge_parallel,known_eye:axis_edge_orthogonal,1.0,axis_pair,8.131516293641283e-20,-5.692061405548898e-19,8.944667923005412e-19,0.0078125,128
linear_gaussian,pyramid_local_field,fold_zscore_whitened_pca,known_eye_parallel_minus_orthogonal,known_eye:axis_edge_parallel,known_eye:axis_edge_orthogonal,1.0,axis_pair,-8.673617379884035e-19,-3.903127820947816e-18,8.782037597131994e-19,0.0078125,128
linear_gaussian,pyramid_local_field,global_centered_whitened_pca,known_eye_parallel_minus_orthogonal,known_eye:axis_edge_parallel,known_eye:axis_edge_orthogonal,1.0,axis_pair,-1.6805133673525319e-18,-4.391018798566293e-18,0.0,0.0,128
linear_gaussian,pyramid_local_field,fold_centered_whitened_pca,known_eye_parallel_minus_orthogonal,known_eye:axis_edge_parallel,known_eye:axis_edge_orthogonal,2.0,axis_pair,0.0,0.0,0.0,0.0,128
linear_gaussian,pyramid_local_field,fold_zscore_pca,known_eye_parallel_minus_orthogonal,known_eye:axis_edge_parallel,known_eye:axis_edge_orthogonal,2.0,axis_pair,-2.981555974335137e-19,-8.944667923005412e-19,0.0,0.0,128
linear_gaussian,pyramid_local_field,fold_zscore_whitened_pca,known_eye_parallel_minus_orthogonal,known_eye:axis_edge_parallel,known_eye:axis_edge_orthogonal,2.0,axis_pair,-2.6020852139652106e-18,-7.806255641895632e-18,0.0,0.0,128
linear_gaussian,pyramid_local_field,global_centered_whitened_pca,known_eye_parallel_minus_orthogonal,known_eye:axis_edge_parallel,known_eye:axis_edge_orthogonal,2.0,axis_pair,3.7947076036992655e-19,-1.951563910473908e-18,3.0899761915836876e-18,0.0078125,128
linear_gaussian,pyramid_local_field,fold_centered_whitened_pca,hidden_eye_tau_marginal_parallel_minus_orthogonal,hidden_eye_tau_marginal:axis_edge_parallel,hidden_eye_tau_marginal:axis_edge_orthogonal,0.5,axis_pair,0.0,0.0,0.0,0.0,128
linear_gaussian,pyramid_local_field,fold_zscore_pca,hidden_eye_tau_marginal_parallel_minus_orthogonal,hidden_eye_tau_marginal:axis_edge_parallel,hidden_eye_tau_marginal:axis_edge_orthogonal,0.5,axis_pair,0.0,0.0,0.0,0.0,128
linear_gaussian,pyramid_local_field,fold_zscore_whitened_pca,hidden_eye_tau_marginal_parallel_minus_orthogonal,hidden_eye_tau_marginal:axis_edge_parallel,hidden_eye_tau_marginal:axis_edge_orthogonal,0.5,axis_pair,0.0,0.0,0.0,0.0,128
linear_gaussian,pyramid_local_field,global_centered_whitened_pca,hidden_eye_tau_marginal_parallel_minus_orthogonal,hidden_eye_tau_marginal:axis_edge_parallel,hidden_eye_tau_marginal:axis_edge_orthogonal,0.5,axis_pair,0.0,0.0,0.0,0.0,128
linear_gaussian,pyramid_local_field,fold_centered_whitened_pca,hidden_eye_tau_marginal_parallel_minus_orthogonal,hidden_eye_tau_marginal:axis_edge_parallel,hidden_eye_tau_marginal:axis_edge_orthogonal,1.0,axis_pair,6.505213034913027e-19,0.0,1.951563910473908e-18,0.0078125,128
linear_gaussian,pyramid_local_field,fold_zscore_pca,hidden_eye_tau_marginal_parallel_minus_orthogonal,hidden_eye_tau_marginal:axis_edge_parallel,hidden_eye_tau_marginal:axis_edge_orthogonal,1.0,axis_pair,5.421010862427522e-19,0.0,1.5178830414797062e-18,0.015625,128
linear_gaussian,pyramid_local_field,fold_zscore_whitened_pca,hidden_eye_tau_marginal_parallel_minus_orthogonal,hidden_eye_tau_marginal:axis_edge_parallel,hidden_eye_tau_marginal:axis_edge_orthogonal,1.0,axis_pair,2.168404344971009e-19,-1.951563910473908e-18,2.6020852139652106e-18,0.0078125,128
linear_gaussian,pyramid_local_field,global_centered_whitened_pca,hidden_eye_tau_marginal_parallel_minus_orthogonal,hidden_eye_tau_marginal:axis_edge_parallel,hidden_eye_tau_marginal:axis_edge_orthogonal,1.0,axis_pair,-2.168404344971009e-19,-3.2526065174565133e-18,2.6020852139652106e-18,0.0078125,128
linear_gaussian,pyramid_local_field,fold_centered_whitened_pca,hidden_eye_tau_marginal_parallel_minus_orthogonal,hidden_eye_tau_marginal:axis_edge_parallel,hidden_eye_tau_marginal:axis_edge_orthogonal,2.0,axis_pair,-1.0842021724855044e-18,-3.0357660829594124e-18,0.0,0.0,128
linear_gaussian,pyramid_local_field,fold_zscore_pca,hidden_eye_tau_marginal_parallel_minus_orthogonal,hidden_eye_tau_marginal:axis_edge_parallel,hidden_eye_tau_marginal:axis_edge_orthogonal,2.0,axis_pair,-1.0842021724855044e-19,-3.2526065174565133e-19,0.0,0.0,128
linear_gaussian,pyramid_local_field,fold_zscore_whitened_pca,hidden_eye_tau_marginal_parallel_minus_orthogonal,hidden_eye_tau_marginal:axis_edge_parallel,hidden_eye_tau_marginal:axis_edge_orthogonal,2.0,axis_pair,-8.673617379884035e-19,-4.553649124439119e-18,1.951563910473908e-18,0.0078125,128
linear_gaussian,pyramid_local_field,global_centered_whitened_pca,hidden_eye_tau_marginal_parallel_minus_orthogonal,hidden_eye_tau_marginal:axis_edge_parallel,hidden_eye_tau_marginal:axis_edge_orthogonal,2.0,axis_pair,6.505213034913027e-19,-1.3010426069826053e-18,3.2526065174565133e-18,0.0078125,128
linear_gaussian,pyramid_local_field,fold_centered_whitened_pca,zero_eye_on_motion_parallel_minus_orthogonal,zero_eye_on_motion:axis_edge_parallel,zero_eye_on_motion:axis_edge_orthogonal,0.5,axis_pair,0.0,0.0,0.0,0.0,128
linear_gaussian,pyramid_local_field,fold_zscore_pca,zero_eye_on_motion_parallel_minus_orthogonal,zero_eye_on_motion:axis_edge_parallel,zero_eye_on_motion:axis_edge_orthogonal,0.5,axis_pair,0.0,0.0,0.0,0.0,128
linear_gaussian,pyramid_local_field,fold_zscore_whitened_pca,zero_eye_on_motion_parallel_minus_orthogonal,zero_eye_on_motion:axis_edge_parallel,zero_eye_on_motion:axis_edge_orthogonal,0.5,axis_pair,0.0,0.0,0.0,0.0,128
linear_gaussian,pyramid_local_field,global_centered_whitened_pca,zero_eye_on_motion_parallel_minus_orthogonal,zero_eye_on_motion:axis_edge_parallel,zero_eye_on_motion:axis_edge_orthogonal,0.5,axis_pair,0.0,0.0,0.0,0.0,128
linear_gaussian,pyramid_local_field,fold_centered_whitened_pca,zero_eye_on_motion_parallel_minus_orthogonal,zero_eye_on_motion:axis_edge_parallel,zero_eye_on_motion:axis_edge_orthogonal,1.0,axis_pair,-1.6263032587282567e-18,-4.87890977618477e-18,0.0,0.0,128
linear_gaussian,pyramid_local_field,fold_zscore_pca,zero_eye_on_motion_parallel_minus_orthogonal,zero_eye_on_motion:axis_edge_parallel,zero_eye_on_motion:axis_edge_orthogonal,1.0,axis_pair,2.168404344971009e-19,0.0,6.505213034913027e-19,0.0078125,128
linear_gaussian,pyramid_local_field,fold_zscore_whitened_pca,zero_eye_on_motion_parallel_minus_orthogonal,zero_eye_on_motion:axis_edge_parallel,zero_eye_on_motion:axis_edge_orthogonal,1.0,axis_pair,8.673617379884035e-19,0.0,2.3852447794681098e-18,0.015625,128
linear_gaussian,pyramid_local_field,global_centered_whitened_pca,zero_eye_on_motion_parallel_minus_orthogonal,zero_eye_on_motion:axis_edge_parallel,zero_eye_on_motion:axis_edge_orthogonal,1.0,axis_pair,-8.131516293641283e-19,-2.439454888092385e-18,0.0,0.0,128
linear_gaussian,pyramid_local_field,fold_centered_whitened_pca,zero_eye_on_motion_parallel_minus_orthogonal,zero_eye_on_motion:axis_edge_parallel,zero_eye_on_motion:axis_edge_orthogonal,2.0,axis_pair,8.673617379884035e-19,-1.6263032587282567e-18,4.228388472693467e-18,0.0078125,128
linear_gaussian,pyramid_local_field,fold_zscore_pca,zero_eye_on_motion_parallel_minus_orthogonal,zero_eye_on_motion:axis_edge_parallel,zero_eye_on_motion:axis_edge_orthogonal,2.0,axis_pair,7.589415207398531e-19,0.0,2.2768245622195593e-18,0.0078125,128
linear_gaussian,pyramid_local_field,fold_zscore_whitened_pca,zero_eye_on_motion_parallel_minus_orthogonal,zero_eye_on_motion:axis_edge_parallel,zero_eye_on_motion:axis_edge_orthogonal,2.0,axis_pair,-1.1926223897340549e-18,-3.0357660829594124e-18,0.0,0.0,128
linear_gaussian,pyramid_local_field,global_centered_whitened_pca,zero_eye_on_motion_parallel_minus_orthogonal,zero_eye_on_motion:axis_edge_parallel,zero_eye_on_motion:axis_edge_orthogonal,2.0,axis_pair,5.963111948670274e-19,-6.505213034913027e-19,2.439454888092385e-18,0.0078125,128
linear_gaussian,pyramid_local_field,fold_centered_whitened_pca,zero_static_parallel_minus_orthogonal,zero_static:axis_edge_parallel,zero_static:axis_edge_orthogonal,0.5,axis_pair,0.0,0.0,0.0,0.0,128
linear_gaussian,pyramid_local_field,fold_zscore_pca,zero_static_parallel_minus_orthogonal,zero_static:axis_edge_parallel,zero_static:axis_edge_orthogonal,0.5,axis_pair,0.0,0.0,0.0,0.0,128
linear_gaussian,pyramid_local_field,fold_zscore_whitened_pca,zero_static_parallel_minus_orthogonal,zero_static:axis_edge_parallel,zero_static:axis_edge_orthogonal,0.5,axis_pair,0.0,0.0,0.0,0.0,128
linear_gaussian,pyramid_local_field,global_centered_whitened_pca,zero_static_parallel_minus_orthogonal,zero_static:axis_edge_parallel,zero_static:axis_edge_orthogonal,0.5,axis_pair,0.0,0.0,0.0,0.0,128
linear_gaussian,pyramid_local_field,fold_centered_whitened_pca,zero_static_parallel_minus_orthogonal,zero_static:axis_edge_parallel,zero_static:axis_edge_orthogonal,1.0,axis_pair,0.0,-2.6020852139652106e-18,2.6020852139652106e-18,0.0078125,128
linear_gaussian,pyramid_local_field,fold_zscore_pca,zero_static_parallel_minus_orthogonal,zero_static:axis_edge_parallel,zero_static:axis_edge_orthogonal,1.0,axis_pair,4.336808689942018e-19,-2.168404344971009e-18,3.903127820947816e-18,0.0078125,128
linear_gaussian,pyramid_local_field,fold_zscore_whitened_pca,zero_static_parallel_minus_orthogonal,zero_static:axis_edge_parallel,zero_static:axis_edge_orthogonal,1.0,axis_pair,-2.168404344971009e-19,-1.3010426069826053e-18,6.505213034913027e-19,0.0078125,128
linear_gaussian,pyramid_local_field,global_centered_whitened_pca,zero_static_parallel_minus_orthogonal,zero_static:axis_edge_parallel,zero_static:axis_edge_orthogonal,1.0,axis_pair,1.734723475976807e-18,0.0,4.336808689942018e-18,0.015625,128
linear_gaussian,pyramid_local_field,fold_centered_whitened_pca,zero_static_parallel_minus_orthogonal,zero_static:axis_edge_parallel,zero_static:axis_edge_orthogonal,2.0,axis_pair,0.0,-2.6020852139652106e-18,2.6020852139652106e-18,0.0078125,128
linear_gaussian,pyramid_local_field,fold_zscore_pca,zero_static_parallel_minus_orthogonal,zero_static:axis_edge_parallel,zero_static:axis_edge_orthogonal,2.0,axis_pair,-4.336808689942018e-19,-3.903127820947816e-18,2.6020852139652106e-18,0.0078125,128
linear_gaussian,pyramid_local_field,fold_zscore_whitened_pca,zero_static_parallel_minus_orthogonal,zero_static:axis_edge_parallel,zero_static:axis_edge_orthogonal,2.0,axis_pair,2.168404344971009e-19,-6.505213034913027e-19,1.3010426069826053e-18,0.0078125,128
linear_gaussian,pyramid_local_field,global_centered_whitened_pca,zero_static_parallel_minus_orthogonal,zero_static:axis_edge_parallel,zero_static:axis_edge_orthogonal,2.0,axis_pair,-1.734723475976807e-18,-4.336808689942018e-18,0.0,0.0,128
