decoder_mode,latent,feature_space_mode,observer_mode,observer_label,observation_scale,prior_family,n,mean_feature_cosine,median_feature_cosine,mean_feature_mse,median_feature_mse,mean_feature_rmse,median_feature_pred_norm,median_feature_true_norm
linear_gaussian,pyramid_local_field,fold_centered_whitened_pca,hidden_eye_prior_mean,prior mean,0.5,axis_edge_orthogonal,128,0.06608781825651072,0.06073066648508667,3.1726856152030467,2.974009785109895,1.733972686447619,8.65520460523682,4.223746461179369
linear_gaussian,pyramid_local_field,fold_zscore_pca,hidden_eye_prior_mean,prior mean,0.5,axis_edge_orthogonal,128,0.11897517652854857,0.105582295014434,32.522229945332434,27.734283600113393,5.519980343248073,16.224832723416526,26.197863966873914
linear_gaussian,pyramid_local_field,fold_zscore_whitened_pca,hidden_eye_prior_mean,prior mean,0.5,axis_edge_orthogonal,128,0.08565111918688953,0.10619649198928804,3.127094740943503,2.905194292394044,1.7101651096771742,9.24774739519368,2.924220905075088
linear_gaussian,pyramid_local_field,global_centered_whitened_pca,hidden_eye_prior_mean,prior mean,0.5,axis_edge_orthogonal,128,0.07306160038461486,0.07535268502409888,3.4763901500063263,3.2165801388239856,1.8133006019106865,8.614803994487376,5.59506746576681
linear_gaussian,pyramid_local_field,fold_centered_whitened_pca,hidden_eye_tau_marginal,hidden eye,0.5,axis_edge_orthogonal,128,0.08358666636510792,0.06402401890346995,1.810552919436614,1.6386909105949425,1.3188036250605808,6.315971297232421,4.223746461179369
linear_gaussian,pyramid_local_field,fold_zscore_pca,hidden_eye_tau_marginal,hidden eye,0.5,axis_edge_orthogonal,128,0.09945014756119594,0.09359507508999965,28.110003555618512,24.183133602147354,5.131038253356205,10.64849652805161,26.197863966873914
linear_gaussian,pyramid_local_field,fold_zscore_whitened_pca,hidden_eye_tau_marginal,hidden eye,0.5,axis_edge_orthogonal,128,0.1113628541340615,0.12857620533475603,1.4807554829939082,1.3930491677162644,1.187064284081841,6.29257364441219,2.924220905075088
linear_gaussian,pyramid_local_field,global_centered_whitened_pca,hidden_eye_tau_marginal,hidden eye,0.5,axis_edge_orthogonal,128,0.09290159111503721,0.10705216544832825,2.0995898094321266,1.9625688933098722,1.4186437462696169,6.243667621855078,5.59506746576681
linear_gaussian,pyramid_local_field,fold_centered_whitened_pca,known_eye,known eye,0.5,axis_edge_orthogonal,128,0.09335342637600239,0.10355952906890487,1.9675935720022322,1.7839282698746037,1.368918023552155,6.454771241891049,4.223746461179369
linear_gaussian,pyramid_local_field,fold_zscore_pca,known_eye,known eye,0.5,axis_edge_orthogonal,128,0.11003384675134649,0.12057917902064727,28.296941362754186,23.654049245109128,5.154845232949708,11.119479938247414,26.197863966873914
linear_gaussian,pyramid_local_field,fold_zscore_whitened_pca,known_eye,known eye,0.5,axis_edge_orthogonal,128,0.1243461470374398,0.11970355282897119,1.6704309697661577,1.383484082692465,1.2522925154134603,6.422320603280317,2.924220905075088
linear_gaussian,pyramid_local_field,global_centered_whitened_pca,known_eye,known eye,0.5,axis_edge_orthogonal,128,0.1109682316360264,0.1218222559801489,2.2394972288820236,2.021524195651879,1.4601826824148099,6.3083616379503376,5.59506746576681
linear_gaussian,pyramid_local_field,fold_centered_whitened_pca,zero_eye_on_motion,zero-eye model,0.5,axis_edge_orthogonal,128,0.09252305279294029,0.08177199555829044,10.479496274901058,4.392088062477894,2.7460567637648534,11.529958311980447,4.223746461179369
linear_gaussian,pyramid_local_field,fold_zscore_pca,zero_eye_on_motion,zero-eye model,0.5,axis_edge_orthogonal,128,0.20340003783291596,0.20788376017591642,56.67685081034048,41.022965134128555,7.012426688154025,27.965086918099843,26.197863966873914
linear_gaussian,pyramid_local_field,fold_zscore_whitened_pca,zero_eye_on_motion,zero-eye model,0.5,axis_edge_orthogonal,128,0.10656799402633538,0.1261792910033448,13.157409558526652,5.721864832229345,3.011745319157827,13.11809912417845,2.924220905075088
linear_gaussian,pyramid_local_field,global_centered_whitened_pca,zero_eye_on_motion,zero-eye model,0.5,axis_edge_orthogonal,128,0.08506868039697058,0.07408189814423397,10.978292424605709,5.316842129196306,2.834507001366913,11.806550289112952,5.59506746576681
linear_gaussian,pyramid_local_field,fold_centered_whitened_pca,zero_static,0x stabilized,0.5,axis_edge_orthogonal,128,0.1896351236274269,0.1782146829654147,1.3110010466146318,1.119531503018055,1.1084308698209242,4.665760601759933,4.223746461179369
linear_gaussian,pyramid_local_field,fold_zscore_pca,zero_static,0x stabilized,0.5,axis_edge_orthogonal,128,0.32178587474437176,0.3443167211358944,24.821696295974597,22.100951834464986,4.833063504514162,15.383241199725228,26.197863966873914
linear_gaussian,pyramid_local_field,fold_zscore_whitened_pca,zero_static,0x stabilized,0.5,axis_edge_orthogonal,128,0.23299174840593,0.2282109832607339,1.168387260766012,0.924164460939428,1.0319185079031021,5.069701156336961,2.924220905075088
linear_gaussian,pyramid_local_field,global_centered_whitened_pca,zero_static,0x stabilized,0.5,axis_edge_orthogonal,128,0.1860348876764211,0.15756853856224967,1.6374329720116023,1.3793158474572973,1.23177261372618,4.675882796070466,5.59506746576681
linear_gaussian,pyramid_local_field,fold_centered_whitened_pca,hidden_eye_prior_mean,prior mean,0.5,axis_edge_parallel,128,0.06608781825651072,0.06073066648508667,3.1726856152030467,2.974009785109895,1.733972686447619,8.65520460523682,4.223746461179369
linear_gaussian,pyramid_local_field,fold_zscore_pca,hidden_eye_prior_mean,prior mean,0.5,axis_edge_parallel,128,0.11897517652854857,0.105582295014434,32.522229945332434,27.734283600113393,5.519980343248073,16.224832723416526,26.197863966873914
linear_gaussian,pyramid_local_field,fold_zscore_whitened_pca,hidden_eye_prior_mean,prior mean,0.5,axis_edge_parallel,128,0.08565111918688953,0.10619649198928804,3.127094740943503,2.905194292394044,1.7101651096771742,9.24774739519368,2.924220905075088
linear_gaussian,pyramid_local_field,global_centered_whitened_pca,hidden_eye_prior_mean,prior mean,0.5,axis_edge_parallel,128,0.07306160038461486,0.07535268502409888,3.4763901500063263,3.2165801388239856,1.8133006019106865,8.614803994487376,5.59506746576681
linear_gaussian,pyramid_local_field,fold_centered_whitened_pca,hidden_eye_tau_marginal,hidden eye,0.5,axis_edge_parallel,128,0.08358666636510792,0.06402401890346995,1.810552919436614,1.6386909105949425,1.3188036250605808,6.315971297232421,4.223746461179369
linear_gaussian,pyramid_local_field,fold_zscore_pca,hidden_eye_tau_marginal,hidden eye,0.5,axis_edge_parallel,128,0.09945014756119594,0.09359507508999965,28.110003555618512,24.183133602147354,5.131038253356205,10.64849652805161,26.197863966873914
linear_gaussian,pyramid_local_field,fold_zscore_whitened_pca,hidden_eye_tau_marginal,hidden eye,0.5,axis_edge_parallel,128,0.1113628541340615,0.12857620533475603,1.4807554829939082,1.3930491677162644,1.187064284081841,6.29257364441219,2.924220905075088
linear_gaussian,pyramid_local_field,global_centered_whitened_pca,hidden_eye_tau_marginal,hidden eye,0.5,axis_edge_parallel,128,0.09290159111503721,0.10705216544832825,2.0995898094321266,1.9625688933098722,1.4186437462696169,6.243667621855078,5.59506746576681
linear_gaussian,pyramid_local_field,fold_centered_whitened_pca,known_eye,known eye,0.5,axis_edge_parallel,128,0.09335342637600239,0.10355952906890487,1.9675935720022322,1.7839282698746037,1.368918023552155,6.454771241891049,4.223746461179369
linear_gaussian,pyramid_local_field,fold_zscore_pca,known_eye,known eye,0.5,axis_edge_parallel,128,0.11003384675134649,0.12057917902064727,28.296941362754186,23.654049245109128,5.154845232949708,11.119479938247414,26.197863966873914
linear_gaussian,pyramid_local_field,fold_zscore_whitened_pca,known_eye,known eye,0.5,axis_edge_parallel,128,0.1243461470374398,0.11970355282897119,1.6704309697661577,1.383484082692465,1.2522925154134603,6.422320603280317,2.924220905075088
linear_gaussian,pyramid_local_field,global_centered_whitened_pca,known_eye,known eye,0.5,axis_edge_parallel,128,0.1109682316360264,0.1218222559801489,2.2394972288820236,2.021524195651879,1.4601826824148099,6.3083616379503376,5.59506746576681
linear_gaussian,pyramid_local_field,fold_centered_whitened_pca,zero_eye_on_motion,zero-eye model,0.5,axis_edge_parallel,128,0.09252305279294029,0.08177199555829044,10.479496274901058,4.392088062477894,2.7460567637648534,11.529958311980447,4.223746461179369
linear_gaussian,pyramid_local_field,fold_zscore_pca,zero_eye_on_motion,zero-eye model,0.5,axis_edge_parallel,128,0.20340003783291596,0.20788376017591642,56.67685081034048,41.022965134128555,7.012426688154025,27.965086918099843,26.197863966873914
linear_gaussian,pyramid_local_field,fold_zscore_whitened_pca,zero_eye_on_motion,zero-eye model,0.5,axis_edge_parallel,128,0.10656799402633538,0.1261792910033448,13.157409558526652,5.721864832229345,3.011745319157827,13.11809912417845,2.924220905075088
linear_gaussian,pyramid_local_field,global_centered_whitened_pca,zero_eye_on_motion,zero-eye model,0.5,axis_edge_parallel,128,0.08506868039697058,0.07408189814423397,10.978292424605709,5.316842129196306,2.834507001366913,11.806550289112952,5.59506746576681
linear_gaussian,pyramid_local_field,fold_centered_whitened_pca,zero_static,0x stabilized,0.5,axis_edge_parallel,128,0.1896351236274269,0.1782146829654147,1.3110010466146318,1.119531503018055,1.1084308698209242,4.665760601759933,4.223746461179369
linear_gaussian,pyramid_local_field,fold_zscore_pca,zero_static,0x stabilized,0.5,axis_edge_parallel,128,0.32178587474437176,0.3443167211358944,24.821696295974597,22.100951834464986,4.833063504514162,15.383241199725228,26.197863966873914
linear_gaussian,pyramid_local_field,fold_zscore_whitened_pca,zero_static,0x stabilized,0.5,axis_edge_parallel,128,0.23299174840593,0.2282109832607339,1.168387260766012,0.924164460939428,1.0319185079031021,5.069701156336961,2.924220905075088
linear_gaussian,pyramid_local_field,global_centered_whitened_pca,zero_static,0x stabilized,0.5,axis_edge_parallel,128,0.1860348876764211,0.15756853856224967,1.6374329720116023,1.3793158474572973,1.23177261372618,4.675882796070466,5.59506746576681
linear_gaussian,pyramid_local_field,fold_centered_whitened_pca,hidden_eye_prior_mean,prior mean,1.0,axis_edge_orthogonal,128,0.09115963259221976,0.07980424557167057,3.262705029706086,2.7133061124087146,1.7456035951595072,8.529196966414215,4.223746461179369
linear_gaussian,pyramid_local_field,fold_zscore_pca,hidden_eye_prior_mean,prior mean,1.0,axis_edge_orthogonal,128,0.17256077788179175,0.17964741917105714,28.378955515632704,24.731541344467534,5.159342633566792,12.867430395269125,26.197863966873914
linear_gaussian,pyramid_local_field,fold_zscore_whitened_pca,hidden_eye_prior_mean,prior mean,1.0,axis_edge_orthogonal,128,0.10957944200920616,0.12135215102461464,3.162110104909979,2.5750793486258026,1.6992627653418886,8.946285755469667,2.924220905075088
linear_gaussian,pyramid_local_field,global_centered_whitened_pca,hidden_eye_prior_mean,prior mean,1.0,axis_edge_orthogonal,128,0.09157033658626115,0.08973510010011114,3.612025614172113,2.9990559103795054,1.8355405940746345,8.591660463886775,5.59506746576681
linear_gaussian,pyramid_local_field,fold_centered_whitened_pca,hidden_eye_tau_marginal,hidden eye,1.0,axis_edge_orthogonal,128,0.10960654834502354,0.10735955467117272,1.678355581044108,1.589044505243528,1.271596678897896,5.8813805773506385,4.223746461179369
linear_gaussian,pyramid_local_field,fold_zscore_pca,hidden_eye_tau_marginal,hidden eye,1.0,axis_edge_orthogonal,128,0.1513250663472127,0.16494266184584502,25.973838667851325,22.4052215360458,4.929314662767635,8.169029220209975,26.197863966873914
linear_gaussian,pyramid_local_field,fold_zscore_whitened_pca,hidden_eye_tau_marginal,hidden eye,1.0,axis_edge_orthogonal,128,0.14194604669891472,0.1444229948913484,1.3646509801895566,1.1939816834834573,1.1351695705759526,5.86443462242838,2.924220905075088
linear_gaussian,pyramid_local_field,global_centered_whitened_pca,hidden_eye_tau_marginal,hidden eye,1.0,axis_edge_orthogonal,128,0.11580923176451026,0.12021202973556408,1.9996273561595934,1.7772529708111429,1.3830179340525026,5.921072399396131,5.59506746576681
linear_gaussian,pyramid_local_field,fold_centered_whitened_pca,known_eye,known eye,1.0,axis_edge_orthogonal,128,0.13497519068745523,0.14669482233276876,1.8710495407070276,1.5443879198842572,1.3228879590143208,5.9086136415680395,4.223746461179369
linear_gaussian,pyramid_local_field,fold_zscore_pca,known_eye,known eye,1.0,axis_edge_orthogonal,128,0.1522612260946369,0.1876666857730524,26.04151094171935,22.291550117865665,4.943117100055375,8.75021584377616,26.197863966873914
linear_gaussian,pyramid_local_field,fold_zscore_whitened_pca,known_eye,known eye,1.0,axis_edge_orthogonal,128,0.1699942556373275,0.18285646012837342,1.5979870235498703,1.2095027599112438,1.2077010889763367,6.075839599834824,2.924220905075088
linear_gaussian,pyramid_local_field,global_centered_whitened_pca,known_eye,known eye,1.0,axis_edge_orthogonal,128,0.1445160706725546,0.1426186852996782,2.151251573505775,1.8768902824622262,1.4177669928679604,5.889321301898049,5.59506746576681
linear_gaussian,pyramid_local_field,fold_centered_whitened_pca,zero_eye_on_motion,zero-eye model,1.0,axis_edge_orthogonal,128,0.049019713981708596,0.052901250638569194,22.25210544805053,17.834835517115323,4.39940409976533,23.60568115663291,4.223746461179369
linear_gaussian,pyramid_local_field,fold_zscore_pca,zero_eye_on_motion,zero-eye model,1.0,axis_edge_orthogonal,128,0.12919915286160058,0.1128889242337624,86.30567823042519,74.34485116629038,8.857076962682996,42.70289840359273,26.197863966873914
linear_gaussian,pyramid_local_field,fold_zscore_whitened_pca,zero_eye_on_motion,zero-eye model,1.0,axis_edge_orthogonal,128,0.050866721313643545,0.03821390200775293,28.637354524716557,23.593247070541523,4.9734954864148,27.613952311131634,2.924220905075088
linear_gaussian,pyramid_local_field,global_centered_whitened_pca,zero_eye_on_motion,zero-eye model,1.0,axis_edge_orthogonal,128,0.037132007187630385,0.048601032297085935,23.178597795098938,18.260017503774264,4.4882485416458655,23.739166098643146,5.59506746576681
linear_gaussian,pyramid_local_field,fold_centered_whitened_pca,zero_static,0x stabilized,1.0,axis_edge_orthogonal,128,0.1896351236274269,0.1782146829654147,1.3110010466146318,1.119531503018055,1.1084308698209242,4.665760601759933,4.223746461179369
linear_gaussian,pyramid_local_field,fold_zscore_pca,zero_static,0x stabilized,1.0,axis_edge_orthogonal,128,0.32178587474437176,0.3443167211358944,24.821696295974597,22.100951834464986,4.833063504514162,15.383241199725228,26.197863966873914
linear_gaussian,pyramid_local_field,fold_zscore_whitened_pca,zero_static,0x stabilized,1.0,axis_edge_orthogonal,128,0.23299174840593,0.2282109832607339,1.168387260766012,0.924164460939428,1.0319185079031021,5.069701156336961,2.924220905075088
linear_gaussian,pyramid_local_field,global_centered_whitened_pca,zero_static,0x stabilized,1.0,axis_edge_orthogonal,128,0.1860348876764211,0.15756853856224967,1.6374329720116023,1.3793158474572973,1.23177261372618,4.675882796070466,5.59506746576681
linear_gaussian,pyramid_local_field,fold_centered_whitened_pca,hidden_eye_prior_mean,prior mean,1.0,axis_edge_parallel,128,0.09115963259221976,0.07980424557167057,3.262705029706086,2.7133061124087146,1.7456035951595072,8.529196966414215,4.223746461179369
linear_gaussian,pyramid_local_field,fold_zscore_pca,hidden_eye_prior_mean,prior mean,1.0,axis_edge_parallel,128,0.17256077788179175,0.17964741917105714,28.378955515632704,24.731541344467534,5.159342633566792,12.867430395269125,26.197863966873914
linear_gaussian,pyramid_local_field,fold_zscore_whitened_pca,hidden_eye_prior_mean,prior mean,1.0,axis_edge_parallel,128,0.10957944200920616,0.12135215102461464,3.162110104909979,2.5750793486258026,1.6992627653418886,8.946285755469667,2.924220905075088
linear_gaussian,pyramid_local_field,global_centered_whitened_pca,hidden_eye_prior_mean,prior mean,1.0,axis_edge_parallel,128,0.09157033658626115,0.08973510010011114,3.612025614172113,2.9990559103795054,1.8355405940746345,8.591660463886775,5.59506746576681
linear_gaussian,pyramid_local_field,fold_centered_whitened_pca,hidden_eye_tau_marginal,hidden eye,1.0,axis_edge_parallel,128,0.10960654834502354,0.10735955467117272,1.678355581044108,1.589044505243528,1.271596678897896,5.8813805773506385,4.223746461179369
linear_gaussian,pyramid_local_field,fold_zscore_pca,hidden_eye_tau_marginal,hidden eye,1.0,axis_edge_parallel,128,0.1513250663472127,0.16494266184584502,25.973838667851325,22.4052215360458,4.929314662767635,8.169029220209975,26.197863966873914
linear_gaussian,pyramid_local_field,fold_zscore_whitened_pca,hidden_eye_tau_marginal,hidden eye,1.0,axis_edge_parallel,128,0.14194604669891472,0.1444229948913484,1.3646509801895566,1.1939816834834573,1.1351695705759526,5.86443462242838,2.924220905075088
linear_gaussian,pyramid_local_field,global_centered_whitened_pca,hidden_eye_tau_marginal,hidden eye,1.0,axis_edge_parallel,128,0.11580923176451026,0.12021202973556408,1.9996273561595934,1.7772529708111429,1.3830179340525026,5.921072399396131,5.59506746576681
linear_gaussian,pyramid_local_field,fold_centered_whitened_pca,known_eye,known eye,1.0,axis_edge_parallel,128,0.13497519068745523,0.14669482233276876,1.8710495407070276,1.5443879198842572,1.3228879590143208,5.9086136415680395,4.223746461179369
linear_gaussian,pyramid_local_field,fold_zscore_pca,known_eye,known eye,1.0,axis_edge_parallel,128,0.1522612260946369,0.1876666857730524,26.04151094171935,22.291550117865665,4.943117100055375,8.75021584377616,26.197863966873914
linear_gaussian,pyramid_local_field,fold_zscore_whitened_pca,known_eye,known eye,1.0,axis_edge_parallel,128,0.1699942556373275,0.18285646012837348,1.5979870235498703,1.2095027599112438,1.2077010889763367,6.075839599834824,2.924220905075088
linear_gaussian,pyramid_local_field,global_centered_whitened_pca,known_eye,known eye,1.0,axis_edge_parallel,128,0.1445160706725546,0.1426186852996782,2.151251573505775,1.8768902824622262,1.4177669928679604,5.889321301898049,5.59506746576681
linear_gaussian,pyramid_local_field,fold_centered_whitened_pca,zero_eye_on_motion,zero-eye model,1.0,axis_edge_parallel,128,0.049019713981708596,0.052901250638569194,22.25210544805053,17.834835517115323,4.39940409976533,23.60568115663291,4.223746461179369
linear_gaussian,pyramid_local_field,fold_zscore_pca,zero_eye_on_motion,zero-eye model,1.0,axis_edge_parallel,128,0.12919915286160058,0.1128889242337624,86.30567823042517,74.34485116629038,8.857076962682996,42.70289840359273,26.197863966873914
linear_gaussian,pyramid_local_field,fold_zscore_whitened_pca,zero_eye_on_motion,zero-eye model,1.0,axis_edge_parallel,128,0.050866721313643545,0.038213902007752945,28.637354524716557,23.593247070541523,4.9734954864148,27.613952311131634,2.924220905075088
linear_gaussian,pyramid_local_field,global_centered_whitened_pca,zero_eye_on_motion,zero-eye model,1.0,axis_edge_parallel,128,0.037132007187630385,0.048601032297085935,23.178597795098938,18.260017503774264,4.4882485416458655,23.739166098643146,5.59506746576681
linear_gaussian,pyramid_local_field,fold_centered_whitened_pca,zero_static,0x stabilized,1.0,axis_edge_parallel,128,0.1896351236274269,0.1782146829654147,1.3110010466146318,1.119531503018055,1.1084308698209242,4.665760601759933,4.223746461179369
linear_gaussian,pyramid_local_field,fold_zscore_pca,zero_static,0x stabilized,1.0,axis_edge_parallel,128,0.32178587474437176,0.3443167211358944,24.821696295974597,22.100951834464986,4.833063504514162,15.383241199725228,26.197863966873914
linear_gaussian,pyramid_local_field,fold_zscore_whitened_pca,zero_static,0x stabilized,1.0,axis_edge_parallel,128,0.23299174840593,0.2282109832607339,1.168387260766012,0.924164460939428,1.0319185079031021,5.069701156336961,2.924220905075088
linear_gaussian,pyramid_local_field,global_centered_whitened_pca,zero_static,0x stabilized,1.0,axis_edge_parallel,128,0.1860348876764211,0.15756853856224967,1.6374329720116023,1.3793158474572973,1.23177261372618,4.675882796070466,5.59506746576681
linear_gaussian,pyramid_local_field,fold_centered_whitened_pca,hidden_eye_prior_mean,prior mean,2.0,axis_edge_orthogonal,128,0.08930744887018897,0.11258988322401023,5.459579658469165,5.305157447469412,2.2751017979130577,12.517044133542885,4.223746461179369
linear_gaussian,pyramid_local_field,fold_zscore_pca,hidden_eye_prior_mean,prior mean,2.0,axis_edge_orthogonal,128,0.17215367506366563,0.18295774767208955,30.872271056455396,27.430684239154665,5.388116112554712,17.576691946615746,26.197863966873914
linear_gaussian,pyramid_local_field,fold_zscore_whitened_pca,hidden_eye_prior_mean,prior mean,2.0,axis_edge_orthogonal,128,0.10333366752490461,0.1362863662159322,5.655016367837126,5.4569477847222165,2.3067557782406722,12.773751309223499,2.924220905075088
linear_gaussian,pyramid_local_field,global_centered_whitened_pca,hidden_eye_prior_mean,prior mean,2.0,axis_edge_orthogonal,128,0.08437059305755237,0.08056487909580834,5.80082272724042,5.5129339631131025,2.3426349019590367,12.312227974584859,5.59506746576681
linear_gaussian,pyramid_local_field,fold_centered_whitened_pca,hidden_eye_tau_marginal,hidden eye,2.0,axis_edge_orthogonal,128,0.10499010464076983,0.135208000061241,2.638368332679239,2.5490417261395724,1.5869198080534745,8.081861009208684,4.223746461179369
linear_gaussian,pyramid_local_field,fold_zscore_pca,hidden_eye_tau_marginal,hidden eye,2.0,axis_edge_orthogonal,128,0.15300903449854442,0.1678876758123783,26.73871737763895,23.45782714061425,5.007363875433153,10.00180207633681,26.197863966873914
linear_gaussian,pyramid_local_field,fold_zscore_whitened_pca,hidden_eye_tau_marginal,hidden eye,2.0,axis_edge_orthogonal,128,0.12806597256809196,0.14944964731732374,2.360205963569466,2.2722547052341056,1.4934290920501105,8.237332756285262,2.924220905075088
linear_gaussian,pyramid_local_field,global_centered_whitened_pca,hidden_eye_tau_marginal,hidden eye,2.0,axis_edge_orthogonal,128,0.1021580174060031,0.09620503613776699,2.9697792717378015,2.802620237514616,1.6812975104615682,8.023173531446158,5.59506746576681
linear_gaussian,pyramid_local_field,fold_centered_whitened_pca,known_eye,known eye,2.0,axis_edge_orthogonal,128,0.13270537700032523,0.14295636380768845,2.7525916733641482,2.5926468240703713,1.6185639065247288,8.573891184529636,4.223746461179369
linear_gaussian,pyramid_local_field,fold_zscore_pca,known_eye,known eye,2.0,axis_edge_orthogonal,128,0.14933171527837252,0.18416196754858305,26.73559339255381,23.296975082520284,5.010807141300698,10.076329097656783,26.197863966873914
linear_gaussian,pyramid_local_field,fold_zscore_whitened_pca,known_eye,known eye,2.0,axis_edge_orthogonal,128,0.1571550196299014,0.1826163958700002,2.5099742449699467,2.454885504821335,1.5398703888196357,8.581318283613719,2.924220905075088
linear_gaussian,pyramid_local_field,global_centered_whitened_pca,known_eye,known eye,2.0,axis_edge_orthogonal,128,0.12284569337053226,0.13835581776179195,3.055715972690405,2.858758081500776,1.7022375066040818,8.61275178345297,5.59506746576681
linear_gaussian,pyramid_local_field,fold_centered_whitened_pca,zero_eye_on_motion,zero-eye model,2.0,axis_edge_orthogonal,128,0.028670855349826264,0.02702706911896312,57.44159108128606,53.26432625406219,7.374708349101878,41.08890588771884,4.223746461179369
linear_gaussian,pyramid_local_field,fold_zscore_pca,zero_eye_on_motion,zero-eye model,2.0,axis_edge_orthogonal,128,0.07784002110488332,0.0683632516678202,149.72531505635618,142.17668927852634,11.940783975577656,63.05328917016212,26.197863966873914
linear_gaussian,pyramid_local_field,fold_zscore_whitened_pca,zero_eye_on_motion,zero-eye model,2.0,axis_edge_orthogonal,128,0.02794251667629383,0.016816582685540482,74.05515544550543,67.98110934324146,8.373148874308374,46.760938837920776,2.924220905075088
linear_gaussian,pyramid_local_field,global_centered_whitened_pca,zero_eye_on_motion,zero-eye model,2.0,axis_edge_orthogonal,128,0.01918339696449952,0.04358757092197359,59.35727496316725,55.42577608747364,7.483174175659725,41.92885205969006,5.59506746576681
linear_gaussian,pyramid_local_field,fold_centered_whitened_pca,zero_static,0x stabilized,2.0,axis_edge_orthogonal,128,0.1896351236274269,0.1782146829654147,1.3110010466146318,1.119531503018055,1.1084308698209242,4.665760601759933,4.223746461179369
linear_gaussian,pyramid_local_field,fold_zscore_pca,zero_static,0x stabilized,2.0,axis_edge_orthogonal,128,0.32178587474437176,0.3443167211358944,24.821696295974597,22.100951834464986,4.833063504514162,15.383241199725228,26.197863966873914
linear_gaussian,pyramid_local_field,fold_zscore_whitened_pca,zero_static,0x stabilized,2.0,axis_edge_orthogonal,128,0.23299174840593,0.2282109832607339,1.168387260766012,0.924164460939428,1.0319185079031021,5.069701156336961,2.924220905075088
linear_gaussian,pyramid_local_field,global_centered_whitened_pca,zero_static,0x stabilized,2.0,axis_edge_orthogonal,128,0.1860348876764211,0.15756853856224967,1.6374329720116023,1.3793158474572973,1.23177261372618,4.675882796070466,5.59506746576681
linear_gaussian,pyramid_local_field,fold_centered_whitened_pca,hidden_eye_prior_mean,prior mean,2.0,axis_edge_parallel,128,0.08930744887018897,0.11258988322401023,5.459579658469165,5.305157447469412,2.2751017979130577,12.517044133542885,4.223746461179369
linear_gaussian,pyramid_local_field,fold_zscore_pca,hidden_eye_prior_mean,prior mean,2.0,axis_edge_parallel,128,0.17215367506366563,0.18295774767208955,30.872271056455396,27.430684239154665,5.388116112554712,17.576691946615746,26.197863966873914
linear_gaussian,pyramid_local_field,fold_zscore_whitened_pca,hidden_eye_prior_mean,prior mean,2.0,axis_edge_parallel,128,0.10333366752490461,0.1362863662159322,5.655016367837126,5.4569477847222165,2.3067557782406722,12.773751309223499,2.924220905075088
linear_gaussian,pyramid_local_field,global_centered_whitened_pca,hidden_eye_prior_mean,prior mean,2.0,axis_edge_parallel,128,0.08437059305755237,0.08056487909580834,5.80082272724042,5.5129339631131025,2.3426349019590367,12.312227974584859,5.59506746576681
linear_gaussian,pyramid_local_field,fold_centered_whitened_pca,hidden_eye_tau_marginal,hidden eye,2.0,axis_edge_parallel,128,0.10499010464076983,0.135208000061241,2.638368332679239,2.5490417261395724,1.5869198080534745,8.081861009208684,4.223746461179369
linear_gaussian,pyramid_local_field,fold_zscore_pca,hidden_eye_tau_marginal,hidden eye,2.0,axis_edge_parallel,128,0.15300903449854442,0.1678876758123783,26.73871737763895,23.45782714061425,5.007363875433153,10.00180207633681,26.197863966873914
linear_gaussian,pyramid_local_field,fold_zscore_whitened_pca,hidden_eye_tau_marginal,hidden eye,2.0,axis_edge_parallel,128,0.12806597256809196,0.14944964731732374,2.360205963569466,2.2722547052341056,1.4934290920501105,8.237332756285262,2.924220905075088
linear_gaussian,pyramid_local_field,global_centered_whitened_pca,hidden_eye_tau_marginal,hidden eye,2.0,axis_edge_parallel,128,0.1021580174060031,0.09620503613776699,2.9697792717378015,2.802620237514616,1.6812975104615682,8.023173531446158,5.59506746576681
linear_gaussian,pyramid_local_field,fold_centered_whitened_pca,known_eye,known eye,2.0,axis_edge_parallel,128,0.13270537700032523,0.14295636380768845,2.7525916733641482,2.5926468240703713,1.6185639065247288,8.573891184529636,4.223746461179369
linear_gaussian,pyramid_local_field,fold_zscore_pca,known_eye,known eye,2.0,axis_edge_parallel,128,0.14933171527837252,0.18416196754858305,26.73559339255381,23.296975082520284,5.010807141300698,10.076329097656783,26.197863966873914
linear_gaussian,pyramid_local_field,fold_zscore_whitened_pca,known_eye,known eye,2.0,axis_edge_parallel,128,0.1571550196299014,0.18261639587000017,2.5099742449699463,2.454885504821335,1.5398703888196357,8.581318283613719,2.924220905075088
linear_gaussian,pyramid_local_field,global_centered_whitened_pca,known_eye,known eye,2.0,axis_edge_parallel,128,0.12284569337053226,0.13835581776179195,3.055715972690405,2.858758081500776,1.7022375066040818,8.61275178345297,5.59506746576681
linear_gaussian,pyramid_local_field,fold_centered_whitened_pca,zero_eye_on_motion,zero-eye model,2.0,axis_edge_parallel,128,0.028670855349826264,0.02702706911896312,57.44159108128606,53.26432625406219,7.374708349101878,41.08890588771884,4.223746461179369
linear_gaussian,pyramid_local_field,fold_zscore_pca,zero_eye_on_motion,zero-eye model,2.0,axis_edge_parallel,128,0.07784002110488332,0.0683632516678202,149.72531505635618,142.17668927852634,11.940783975577656,63.05328917016212,26.197863966873914
linear_gaussian,pyramid_local_field,fold_zscore_whitened_pca,zero_eye_on_motion,zero-eye model,2.0,axis_edge_parallel,128,0.02794251667629383,0.016816582685540482,74.05515544550543,67.98110934324146,8.373148874308374,46.760938837920776,2.924220905075088
linear_gaussian,pyramid_local_field,global_centered_whitened_pca,zero_eye_on_motion,zero-eye model,2.0,axis_edge_parallel,128,0.01918339696449952,0.04358757092197359,59.35727496316725,55.42577608747364,7.483174175659725,41.92885205969006,5.59506746576681
linear_gaussian,pyramid_local_field,fold_centered_whitened_pca,zero_static,0x stabilized,2.0,axis_edge_parallel,128,0.1896351236274269,0.1782146829654147,1.3110010466146318,1.119531503018055,1.1084308698209242,4.665760601759933,4.223746461179369
linear_gaussian,pyramid_local_field,fold_zscore_pca,zero_static,0x stabilized,2.0,axis_edge_parallel,128,0.32178587474437176,0.3443167211358944,24.821696295974597,22.100951834464986,4.833063504514162,15.383241199725228,26.197863966873914
linear_gaussian,pyramid_local_field,fold_zscore_whitened_pca,zero_static,0x stabilized,2.0,axis_edge_parallel,128,0.23299174840593,0.2282109832607339,1.168387260766012,0.924164460939428,1.0319185079031021,5.069701156336961,2.924220905075088
linear_gaussian,pyramid_local_field,global_centered_whitened_pca,zero_static,0x stabilized,2.0,axis_edge_parallel,128,0.1860348876764211,0.15756853856224967,1.6374329720116023,1.3793158474572973,1.23177261372618,4.675882796070466,5.59506746576681
linear_gaussian,pyramid_local_field,fold_centered_whitened_pca,hidden_eye_prior_mean,prior mean,all,all,768,0.08218496657297315,0.07926665037643563,3.9649901011260993,3.453343693842393,1.918226026506728,9.511383858966635,4.223746461179369
linear_gaussian,pyramid_local_field,fold_zscore_pca,hidden_eye_prior_mean,prior mean,all,all,768,0.15456320982466867,0.16528577052660254,30.59115217247351,26.48831613488444,5.355813029789858,15.185948316670892,26.197863966873914
linear_gaussian,pyramid_local_field,fold_zscore_whitened_pca,hidden_eye_prior_mean,prior mean,all,all,768,0.09952140957366677,0.11964407869917959,3.9814070712302025,3.288008511413254,1.9053945510865784,9.909154294260187,2.924220905075088
linear_gaussian,pyramid_local_field,global_centered_whitened_pca,hidden_eye_prior_mean,prior mean,all,all,768,0.08300084334280947,0.08316891415599044,4.296412830472954,3.683351445349597,1.997158699314786,9.487672002769864,5.59506746576681
linear_gaussian,pyramid_local_field,fold_centered_whitened_pca,hidden_eye_tau_marginal,hidden eye,all,all,768,0.09939443978363377,0.10689291365226739,2.04242561105332,1.852203358906375,1.3924400373373171,6.578138341805358,4.223746461179369
linear_gaussian,pyramid_local_field,fold_zscore_pca,hidden_eye_tau_marginal,hidden eye,all,all,768,0.13459474946898434,0.15419011451541054,26.94085320036959,23.36401093916524,5.022572263852331,9.401891080485601,26.197863966873914
linear_gaussian,pyramid_local_field,fold_zscore_whitened_pca,hidden_eye_tau_marginal,hidden eye,all,all,768,0.12712495780035607,0.14015449128759933,1.735204142250977,1.544203638305388,1.2718876489026347,6.588977317973991,2.924220905075088
linear_gaussian,pyramid_local_field,global_centered_whitened_pca,hidden_eye_tau_marginal,hidden eye,all,all,768,0.10362294676185019,0.10936037514678215,2.356332145776507,2.2168998668331206,1.4943197302612292,6.483890837466406,5.59506746576681
linear_gaussian,pyramid_local_field,fold_centered_whitened_pca,known_eye,known eye,all,all,768,0.12034466468792761,0.13565187381685534,2.1970782620244695,1.96909768289617,1.4367899630304015,6.706574831700733,4.223746461179369
linear_gaussian,pyramid_local_field,global_centered_whitened_pca,known_eye,known eye,all,all,768,0.12610999855970442,0.13552479376662535,2.482154925026068,2.3197206028052015,1.5267290606289505,6.657370473169206,5.59506746576681
linear_gaussian,pyramid_local_field,fold_zscore_pca,known_eye,known eye,all,all,768,0.13720892937478532,0.16219824656216625,27.024681899009114,23.2560122360548,5.03625649143526,9.996600034286928,26.197863966873914
linear_gaussian,pyramid_local_field,fold_zscore_whitened_pca,known_eye,known eye,all,all,768,0.15049847410155623,0.15790079484507602,1.9261307460953248,1.6356789027807541,1.3332879977364775,6.774556237121038,2.924220905075088
linear_gaussian,pyramid_local_field,fold_centered_whitened_pca,zero_eye_on_motion,zero-eye model,all,all,768,0.05673787404149172,0.056705874426608835,30.05773093474588,23.883178595615334,4.840056404210687,27.303947731602918,4.223746461179369
linear_gaussian,pyramid_local_field,fold_zscore_pca,zero_eye_on_motion,zero-eye model,all,all,768,0.13681307059979994,0.13649785447528145,97.56928136570728,82.55069077911233,9.27009587547156,47.20794095947144,26.197863966873914
linear_gaussian,pyramid_local_field,global_centered_whitened_pca,zero_eye_on_motion,zero-eye model,all,all,768,0.047128028183033494,0.058959935273363295,31.17138839429063,24.464031344370987,4.935309906224168,27.607828065233747,5.59506746576681
linear_gaussian,pyramid_local_field,fold_zscore_whitened_pca,zero_eye_on_motion,zero-eye model,all,all,768,0.061792410672090924,0.05485241246810961,38.616639842916214,28.508182772999916,5.452796559960333,30.407950229960807,2.924220905075088
linear_gaussian,pyramid_local_field,fold_zscore_pca,zero_static,0x stabilized,all,all,768,0.32178587474437176,0.3443167211358944,24.8216962959746,22.100951834464986,4.833063504514162,15.383241199725228,26.197863966873914
linear_gaussian,pyramid_local_field,fold_centered_whitened_pca,zero_static,0x stabilized,all,all,768,0.18963512362742693,0.1782146829654147,1.3110010466146318,1.119531503018055,1.1084308698209242,4.665760601759933,4.223746461179369
linear_gaussian,pyramid_local_field,fold_zscore_whitened_pca,zero_static,0x stabilized,all,all,768,0.23299174840593004,0.2282109832607339,1.168387260766012,0.924164460939428,1.0319185079031021,5.069701156336961,2.924220905075088
linear_gaussian,pyramid_local_field,global_centered_whitened_pca,zero_static,0x stabilized,all,all,768,0.1860348876764211,0.15756853856224967,1.6374329720116023,1.3793158474572973,1.2317726137261797,4.675882796070466,5.59506746576681
