table_index,trial_id,response_cache_path,prior_scale,candidate_index,true_candidate_index,n_fit_trajectories,n_fit_samples,linear_train_r2,linear_residual_var,quadratic_train_r2,quadratic_residual_var,profile_energy,profile_start_index,optimizer_success,optimizer_iterations,optimizer_final_iterations,optimizer_stage_success_fraction,quadratic_continuation_scales,observation_continuation_scales,trajectory_hat_rms,trajectory_hat_temporal_std_mean
0,2,response_tables/trial_00002_hard_negative_structure_obs-empirical_prior-axis_edge_parallel_rel2x.npz,2.0,0,0,16,640,0.004032852866383885,0.00012178200379521872,0.48174442460295885,6.336976338179206e-05,102.97725234893598,1,False,80,80,0.0,1,1,0.10899585212790464,0.020932585785490405
0,2,response_tables/trial_00002_hard_negative_structure_obs-empirical_prior-axis_edge_parallel_rel2x.npz,2.0,1,0,16,640,0.008167189536349984,0.00012391254273233927,0.47898294335867986,6.509216837176945e-05,103.18220206606541,1,False,80,80,0.0,1,1,0.10436637399941291,0.02157359350993864
0,2,response_tables/trial_00002_hard_negative_structure_obs-empirical_prior-axis_edge_parallel_rel2x.npz,2.0,2,0,16,640,0.0035152275108830677,0.00014999226443814572,0.4731918915407426,7.929588418576991e-05,85.83789481035723,1,False,80,80,0.0,1,1,0.09728583381662956,0.01928474032437739
0,2,response_tables/trial_00002_hard_negative_structure_obs-empirical_prior-axis_edge_parallel_rel2x.npz,2.0,3,0,16,640,0.005491483393403329,9.133998711918755e-05,0.4597742662917461,4.961668073666676e-05,241.96838170138847,0,False,80,80,0.0,1,1,0.10725124266951934,0.01725969648826041
1,5,response_tables/trial_00005_hard_negative_structure_obs-empirical_prior-axis_edge_parallel_rel2x.npz,2.0,0,0,16,640,0.006842587314811133,6.871535919086116e-05,0.1466752257388202,5.9040508202302564e-05,115.53231733409798,1,True,52,52,1.0,1,1,0.15122516354982857,0.025252100967592714
1,5,response_tables/trial_00005_hard_negative_structure_obs-empirical_prior-axis_edge_parallel_rel2x.npz,2.0,1,0,16,640,0.006074868678448753,9.29769911579751e-05,0.16220489891901502,7.837176589128931e-05,128.5304913941757,1,False,80,80,0.0,1,1,0.1433062170098008,0.02803314306559157
1,5,response_tables/trial_00005_hard_negative_structure_obs-empirical_prior-axis_edge_parallel_rel2x.npz,2.0,2,0,16,640,0.006657968217581245,7.839642641477532e-05,0.1428613428588974,6.764699923272802e-05,100.3047263865699,1,True,56,56,1.0,1,1,0.13786581900088152,0.02509947591757676
1,5,response_tables/trial_00005_hard_negative_structure_obs-empirical_prior-axis_edge_parallel_rel2x.npz,2.0,3,0,16,640,0.004263942143434729,7.390214127033007e-05,0.14147209991215237,6.371874319123172e-05,102.75639799486457,0,True,51,51,1.0,1,1,0.14512179108468265,0.02541505496313867
2,8,response_tables/trial_00008_hard_negative_structure_obs-empirical_prior-axis_edge_parallel_rel2x.npz,2.0,0,0,16,640,0.002149619149308113,6.742015180040698e-05,0.3956852611330425,4.083076201754734e-05,75.98416671858526,1,False,80,80,0.0,1,1,0.10436457396482558,0.014275418838486823
2,8,response_tables/trial_00008_hard_negative_structure_obs-empirical_prior-axis_edge_parallel_rel2x.npz,2.0,1,0,16,640,0.0008353700359847727,3.0517592774406464e-05,0.3981412490155686,1.838263657403213e-05,686.2715314147805,1,True,46,46,1.0,1,1,0.14587443183231694,0.016377418847823053
2,8,response_tables/trial_00008_hard_negative_structure_obs-empirical_prior-axis_edge_parallel_rel2x.npz,2.0,2,0,16,640,0.003843067749953688,9.674952015987507e-05,0.3931429962687544,5.893963291912312e-05,241.9246899202761,0,True,67,67,1.0,1,1,0.10066781176297734,0.018296497986710153
2,8,response_tables/trial_00008_hard_negative_structure_obs-empirical_prior-axis_edge_parallel_rel2x.npz,2.0,3,0,16,640,0.0008263173299255522,9.146428387540215e-05,0.3804254083922398,5.671581158679349e-05,148.7556434402323,0,True,12,12,1.0,1,1,0.09280192135548462,0.012033987193129564
3,11,response_tables/trial_00011_hard_negative_structure_obs-empirical_prior-axis_edge_parallel_rel2x.npz,2.0,0,0,16,640,0.006239196508372902,8.911076866831954e-05,0.3251164499450462,6.05169691697424e-05,79.41600216058984,1,True,75,75,1.0,1,1,0.09981567245538282,0.017513145690589378
3,11,response_tables/trial_00011_hard_negative_structure_obs-empirical_prior-axis_edge_parallel_rel2x.npz,2.0,1,0,16,640,0.006193745563849551,0.0001305467080367307,0.3109732505774513,9.051077459499139e-05,58.61987542269405,0,True,76,76,1.0,1,1,0.09547726455851857,0.018551024739616416
3,11,response_tables/trial_00011_hard_negative_structure_obs-empirical_prior-axis_edge_parallel_rel2x.npz,2.0,2,0,16,640,0.0005175835745073742,9.694180383119901e-05,0.32594104720737305,6.537832952177548e-05,89.4163270856542,0,True,75,75,1.0,1,1,0.11470370655160825,0.02039223510668223
3,11,response_tables/trial_00011_hard_negative_structure_obs-empirical_prior-axis_edge_parallel_rel2x.npz,2.0,3,0,16,640,0.006629982478614682,8.777644229068633e-05,0.3010134684000634,6.176404549237162e-05,99.22329151077584,1,True,48,48,1.0,1,1,0.117883202007664,0.016454838988291615
4,14,response_tables/trial_00014_hard_negative_structure_obs-empirical_prior-axis_edge_parallel_rel2x.npz,2.0,0,0,16,640,0.00523322514133806,4.985757267106697e-05,0.3956893532349878,3.028796573072811e-05,111.6863796113285,1,False,80,80,0.0,1,1,0.10892879017871322,0.021661660732023233
4,14,response_tables/trial_00014_hard_negative_structure_obs-empirical_prior-axis_edge_parallel_rel2x.npz,2.0,1,0,16,640,0.0008369058795314466,0.00010980476677158704,0.3969878207865176,6.626907267551612e-05,73.5910470899352,1,False,80,80,0.0,1,1,0.0946625472133209,0.02065711050667157
4,14,response_tables/trial_00014_hard_negative_structure_obs-empirical_prior-axis_edge_parallel_rel2x.npz,2.0,2,0,16,640,0.0011112792905813018,7.753868688310095e-05,0.4321424310096793,4.407991533317971e-05,212.93628396909233,1,True,40,40,1.0,1,1,0.09532068522245477,0.017067431216096676
4,14,response_tables/trial_00014_hard_negative_structure_obs-empirical_prior-axis_edge_parallel_rel2x.npz,2.0,3,0,16,640,0.00210579164075797,4.06868050633882e-05,0.36615421790827773,2.5843580972996924e-05,135.15182632876056,1,False,80,80,0.0,1,1,0.12242788658163105,0.022945760443554588
5,17,response_tables/trial_00017_hard_negative_structure_obs-empirical_prior-axis_edge_parallel_rel2x.npz,2.0,0,0,16,640,0.0008412228435842328,0.00010917201406686167,0.25007030342132575,8.194026540711415e-05,70.7297982358648,1,False,80,80,0.0,1,1,0.1223039094963851,0.025104799390587785
5,17,response_tables/trial_00017_hard_negative_structure_obs-empirical_prior-axis_edge_parallel_rel2x.npz,2.0,1,0,16,640,0.0008412228435842328,0.00010917201406686167,0.25007030342132575,8.194026540711415e-05,70.7297982358648,1,False,80,80,0.0,1,1,0.1223039094963851,0.025104799390587785
5,17,response_tables/trial_00017_hard_negative_structure_obs-empirical_prior-axis_edge_parallel_rel2x.npz,2.0,2,0,16,640,0.005543162082022657,2.7417461584313762e-05,0.16862140383699065,2.292134746646499e-05,473.02470460447427,1,True,74,74,1.0,1,1,0.2320357541677024,0.03345602251462933
5,17,response_tables/trial_00017_hard_negative_structure_obs-empirical_prior-axis_edge_parallel_rel2x.npz,2.0,3,0,16,640,0.0014825029509331067,0.00011831878795845028,0.17036634037729426,9.830698945806095e-05,100.53028444282549,2,True,61,61,1.0,1,1,0.13747765723755054,0.021944882137364046
6,20,response_tables/trial_00020_hard_negative_structure_obs-empirical_prior-axis_edge_parallel_rel2x.npz,2.0,0,0,16,640,0.0009433436066695888,9.0709368247894e-05,0.24403743910535725,6.863763519214857e-05,66.01910808370285,0,True,75,75,1.0,1,1,0.11260953374083203,0.020505207548323898
6,20,response_tables/trial_00020_hard_negative_structure_obs-empirical_prior-axis_edge_parallel_rel2x.npz,2.0,1,0,16,640,0.0009433436066695888,9.0709368247894e-05,0.24403743910535725,6.863763519214857e-05,66.01910808370285,0,True,75,75,1.0,1,1,0.11260953374083203,0.020505207548323898
6,20,response_tables/trial_00020_hard_negative_structure_obs-empirical_prior-axis_edge_parallel_rel2x.npz,2.0,2,0,16,640,0.0022269647685446703,2.1895359513636688e-05,0.225959365042524,1.6985724590789446e-05,530.171353167749,1,True,77,77,1.0,1,1,0.18776425516034467,0.023741809429502006
6,20,response_tables/trial_00020_hard_negative_structure_obs-empirical_prior-axis_edge_parallel_rel2x.npz,2.0,3,0,16,640,0.0010431293225918736,0.00010667799819142915,0.23624134424957532,8.15613235049696e-05,99.58156918561933,0,True,52,52,1.0,1,1,0.11758941979149978,0.016100750752580037
7,23,response_tables/trial_00023_hard_negative_structure_obs-empirical_prior-axis_edge_parallel_rel2x.npz,2.0,0,0,16,640,0.003544176616489425,0.00010940704824975738,0.3809666169928416,6.796750404137932e-05,46.149094762326555,1,False,80,80,0.0,1,1,0.08302275019086512,0.019223262620079923
7,23,response_tables/trial_00023_hard_negative_structure_obs-empirical_prior-axis_edge_parallel_rel2x.npz,2.0,1,0,16,640,0.001605544545401072,7.954673521513054e-05,0.36815042820184696,5.0342397545402725e-05,97.6411488773073,0,False,80,80,0.0,1,1,0.11021497655848782,0.017272124459411134
7,23,response_tables/trial_00023_hard_negative_structure_obs-empirical_prior-axis_edge_parallel_rel2x.npz,2.0,2,0,16,640,0.0010727883008933015,9.944019785570371e-05,0.39931669425763083,5.979621545201397e-05,79.37375999636163,1,False,80,80,0.0,1,1,0.09011704325332084,0.015665961043830452
7,23,response_tables/trial_00023_hard_negative_structure_obs-empirical_prior-axis_edge_parallel_rel2x.npz,2.0,3,0,16,640,0.003252059475180924,0.00010189435540908034,0.3996859061883907,6.136819063775833e-05,74.40282509266095,1,False,80,80,0.0,1,1,0.0980780317149526,0.017694602388962234
8,26,response_tables/trial_00026_hard_negative_structure_obs-empirical_prior-axis_edge_parallel_rel2x.npz,2.0,0,0,16,640,0.0037121037589310513,6.595464144933038e-05,0.16217012449550883,5.546465960584652e-05,79.93591386173414,1,True,60,60,1.0,1,1,0.13098933896750536,0.021481496132996512
8,26,response_tables/trial_00026_hard_negative_structure_obs-empirical_prior-axis_edge_parallel_rel2x.npz,2.0,1,0,16,640,0.008210546716015177,0.00010882508403052538,0.15703858143055094,9.249477992184703e-05,84.04340334834713,1,True,58,58,1.0,1,1,0.11431435900606131,0.020362116164469278
8,26,response_tables/trial_00026_hard_negative_structure_obs-empirical_prior-axis_edge_parallel_rel2x.npz,2.0,2,0,16,640,0.005031340779845683,9.910540228876586e-05,0.25303675629611133,7.440243677646868e-05,57.83389365064636,0,True,71,71,1.0,1,1,0.07906347789162765,0.021003990161204685
8,26,response_tables/trial_00026_hard_negative_structure_obs-empirical_prior-axis_edge_parallel_rel2x.npz,2.0,3,0,16,640,0.005031340779845683,9.910540228876586e-05,0.25303675629611133,7.440243677646868e-05,57.83389365064636,0,True,71,71,1.0,1,1,0.07906347789162765,0.021003990161204685
9,29,response_tables/trial_00029_hard_negative_structure_obs-empirical_prior-axis_edge_parallel_rel2x.npz,2.0,0,0,16,640,0.00040849384961150204,9.554220889358456e-05,0.3698214814284584,6.0233252574830805e-05,82.98034877139501,0,True,73,73,1.0,1,1,0.1090198884309215,0.023647844414267986
9,29,response_tables/trial_00029_hard_negative_structure_obs-empirical_prior-axis_edge_parallel_rel2x.npz,2.0,1,0,16,640,0.000327629405801666,9.649234979626935e-05,0.370526743929221,6.075926013247238e-05,83.30314443180603,0,True,77,77,1.0,1,1,0.10917546656395564,0.023624223489919022
9,29,response_tables/trial_00029_hard_negative_structure_obs-empirical_prior-axis_edge_parallel_rel2x.npz,2.0,2,0,16,640,0.0003663900091305239,0.00010083424880277683,0.3655774938850761,6.399496394309686e-05,83.64689542258365,0,True,74,74,1.0,1,1,0.11277372220881363,0.02323562601772728
9,29,response_tables/trial_00029_hard_negative_structure_obs-empirical_prior-axis_edge_parallel_rel2x.npz,2.0,3,0,16,640,0.0002177469134257981,0.0001040243472542722,0.376169525213071,6.490769138649e-05,84.79276564310554,0,True,78,78,1.0,1,1,0.11311221631501855,0.02363672484680703
10,32,response_tables/trial_00032_hard_negative_structure_obs-empirical_prior-axis_edge_parallel_rel2x.npz,2.0,0,0,16,640,0.000677165118172729,8.8480889872452e-05,0.2653671956849284,6.50450104674922e-05,73.82044422713173,0,False,80,80,0.0,1,1,0.11145593541150695,0.021821731673879532
10,32,response_tables/trial_00032_hard_negative_structure_obs-empirical_prior-axis_edge_parallel_rel2x.npz,2.0,1,0,16,640,0.0008000107214020113,8.875807598922775e-05,0.2657302631563865,6.522454943820489e-05,73.56863958446428,1,False,80,80,0.0,1,1,0.11084750721990162,0.02172612760693779
10,32,response_tables/trial_00032_hard_negative_structure_obs-empirical_prior-axis_edge_parallel_rel2x.npz,2.0,2,0,16,640,0.00041549487044478806,9.228484952927596e-05,0.2605736199872788,6.826621648022341e-05,72.79936549375046,1,False,80,80,0.0,1,1,0.11560226163876958,0.021607892288299502
10,32,response_tables/trial_00032_hard_negative_structure_obs-empirical_prior-axis_edge_parallel_rel2x.npz,2.0,3,0,16,640,0.00018675048221705737,9.002437904147951e-05,0.2732748979883668,6.54351960968782e-05,79.26839843701903,0,True,74,74,1.0,1,1,0.11865891636607967,0.022108262802560844
11,35,response_tables/trial_00035_hard_negative_structure_obs-empirical_prior-axis_edge_parallel_rel2x.npz,2.0,0,0,16,640,0.0080116852500145,7.568339897233797e-05,0.40487283718449985,4.5405017209293374e-05,72.64805831387818,1,False,80,80,0.0,1,1,0.07943223669455898,0.017794270766977267
11,35,response_tables/trial_00035_hard_negative_structure_obs-empirical_prior-axis_edge_parallel_rel2x.npz,2.0,1,0,16,640,0.0058607718980021595,9.91510503267696e-05,0.41094971974637573,5.8749270053381834e-05,100.05475282181844,0,False,80,80,0.0,1,1,0.08227122694480109,0.014429157088250698
11,35,response_tables/trial_00035_hard_negative_structure_obs-empirical_prior-axis_edge_parallel_rel2x.npz,2.0,2,0,16,640,0.001244359404914741,6.353299500338994e-05,0.4369316250661929,3.581799070483518e-05,195.61534190645142,0,True,79,79,1.0,1,1,0.09529798484075173,0.013138396670172935
11,35,response_tables/trial_00035_hard_negative_structure_obs-empirical_prior-axis_edge_parallel_rel2x.npz,2.0,3,0,16,640,0.005143265865724667,6.842651797435953e-05,0.40233827493362895,4.110733673469919e-05,162.65836543886414,1,True,77,77,1.0,1,1,0.09740971018067421,0.017168956179769868
12,38,response_tables/trial_00038_hard_negative_structure_obs-empirical_prior-axis_edge_parallel_rel2x.npz,2.0,0,0,16,640,0.004188026344182472,6.220660440920305e-05,0.12940078513701836,5.43847858739069e-05,165.91143453559476,1,True,78,78,1.0,1,1,0.19178632687848415,0.02972449749368965
12,38,response_tables/trial_00038_hard_negative_structure_obs-empirical_prior-axis_edge_parallel_rel2x.npz,2.0,1,0,16,640,0.0014246894671300359,7.090030261611141e-05,0.13922713876741333,6.111612784874436e-05,147.87786893083296,2,False,80,80,0.0,1,1,0.18192046883733778,0.027987199108564075
12,38,response_tables/trial_00038_hard_negative_structure_obs-empirical_prior-axis_edge_parallel_rel2x.npz,2.0,2,0,16,640,0.0011513132924190206,5.592642052293503e-05,0.1282730138928142,4.88087641852142e-05,262.29274564086603,1,True,75,75,1.0,1,1,0.18355703490842304,0.030361927456918437
12,38,response_tables/trial_00038_hard_negative_structure_obs-empirical_prior-axis_edge_parallel_rel2x.npz,2.0,3,0,16,640,0.002411983163426501,5.711958706021995e-05,0.15308635232434475,4.849232049147896e-05,177.67066005373454,2,False,80,80,0.0,1,1,0.17021768977789553,0.0294546779988398
13,41,response_tables/trial_00041_hard_negative_structure_obs-empirical_prior-axis_edge_parallel_rel2x.npz,2.0,0,0,16,640,0.001032780258572008,3.146515531351954e-05,0.4274491705654395,1.8034025959035943e-05,132.036424645046,0,False,80,80,0.0,1,1,0.09478331082807198,0.01715523860664847
13,41,response_tables/trial_00041_hard_negative_structure_obs-empirical_prior-axis_edge_parallel_rel2x.npz,2.0,1,0,16,640,0.0037527104938817057,4.339762614398022e-05,0.41382715171040274,2.5534333085548387e-05,120.27221052096264,0,False,80,80,0.0,1,1,0.07941547684640833,0.016594065975083824
13,41,response_tables/trial_00041_hard_negative_structure_obs-empirical_prior-axis_edge_parallel_rel2x.npz,2.0,2,0,16,640,0.00374633949525216,6.807561491482318e-05,0.4135349855081073,4.007409766237543e-05,250.86427497086459,0,True,75,75,1.0,1,1,0.04228147782511613,0.020864015722557742
13,41,response_tables/trial_00041_hard_negative_structure_obs-empirical_prior-axis_edge_parallel_rel2x.npz,2.0,3,0,16,640,0.0082635561046277,9.918971200601756e-05,0.37736027388609195,6.2274060307962e-05,155.4636608363693,1,True,66,66,1.0,1,1,0.044563214603711966,0.021886283985707182
14,44,response_tables/trial_00044_hard_negative_structure_obs-empirical_prior-axis_edge_parallel_rel2x.npz,2.0,0,0,16,640,0.005391232356120046,5.966935796152804e-05,0.2797912378577695,4.320733521894787e-05,87.81846774021821,0,True,79,79,1.0,1,1,0.11217582244875988,0.01871105184752183
14,44,response_tables/trial_00044_hard_negative_structure_obs-empirical_prior-axis_edge_parallel_rel2x.npz,2.0,1,0,16,640,0.0020280451532297405,6.181110422550012e-05,0.29672342710741473,4.35586404360337e-05,228.34589947883686,0,True,77,77,1.0,1,1,0.12967576865851965,0.018450857895051766
14,44,response_tables/trial_00044_hard_negative_structure_obs-empirical_prior-axis_edge_parallel_rel2x.npz,2.0,2,0,16,640,0.002625119654553254,6.50501507216135e-05,0.28884038633687303,4.6382800457023795e-05,101.98178675915833,1,True,72,72,1.0,1,1,0.12361928475228624,0.01802663445837409
14,44,response_tables/trial_00044_hard_negative_structure_obs-empirical_prior-axis_edge_parallel_rel2x.npz,2.0,3,0,16,640,0.0038192371977081585,6.981556458368039e-05,0.2582385800772822,5.198503549960123e-05,286.6595570548589,0,True,79,79,1.0,1,1,0.15185702445492363,0.019509227634777807
15,47,response_tables/trial_00047_hard_negative_structure_obs-empirical_prior-axis_edge_parallel_rel2x.npz,2.0,0,0,16,640,0.00011432298837221744,6.92302563356033e-05,0.2666792638825225,5.077378714870409e-05,124.52307711234218,1,True,78,78,1.0,1,1,0.1331400480397111,0.028023810089918708
15,47,response_tables/trial_00047_hard_negative_structure_obs-empirical_prior-axis_edge_parallel_rel2x.npz,2.0,1,0,16,640,0.00036419286822408914,7.996120121910716e-05,0.2648247369657727,5.8806914197542896e-05,166.9523204263163,0,True,62,62,1.0,1,1,0.13482855213674194,0.02201606885169913
15,47,response_tables/trial_00047_hard_negative_structure_obs-empirical_prior-axis_edge_parallel_rel2x.npz,2.0,2,0,16,640,0.00025784041999910023,6.525092472133352e-05,0.25236404283945624,4.879651927466906e-05,159.62854108832937,0,True,71,71,1.0,1,1,0.1425902058942413,0.02312017631642557
15,47,response_tables/trial_00047_hard_negative_structure_obs-empirical_prior-axis_edge_parallel_rel2x.npz,2.0,3,0,16,640,0.0010793669616143697,4.577133798029567e-05,0.2711469728576047,3.339662545744437e-05,311.0227464548054,1,True,54,54,1.0,1,1,0.13838095537421968,0.021897158840296978
16,50,response_tables/trial_00050_hard_negative_structure_obs-empirical_prior-axis_edge_parallel_rel2x.npz,2.0,0,0,16,640,0.000288210198071126,3.969755336998261e-05,0.10276385699124746,3.56283481258376e-05,203.1713148454897,2,True,41,41,1.0,1,1,0.18138162748182435,0.0333344273527635
16,50,response_tables/trial_00050_hard_negative_structure_obs-empirical_prior-axis_edge_parallel_rel2x.npz,2.0,1,0,16,640,0.0003265436984839498,3.030457074236218e-05,0.1009807221289919,2.7253292695982138e-05,275.0441485736516,1,True,52,52,1.0,1,1,0.2028097678774309,0.03637118785127724
16,50,response_tables/trial_00050_hard_negative_structure_obs-empirical_prior-axis_edge_parallel_rel2x.npz,2.0,2,0,16,640,0.0003829643947823591,5.133690058064882e-05,0.10244252333786996,4.609547186930842e-05,168.40598965638233,2,True,61,61,1.0,1,1,0.17448724702116175,0.03146312914738869
16,50,response_tables/trial_00050_hard_negative_structure_obs-empirical_prior-axis_edge_parallel_rel2x.npz,2.0,3,0,16,640,0.0010323584726019686,5.248851790056375e-05,0.10563442877495266,4.699243633469215e-05,195.7276750897074,2,True,56,56,1.0,1,1,0.15620060848453007,0.03380958697913083
17,53,response_tables/trial_00053_hard_negative_structure_obs-empirical_prior-axis_edge_parallel_rel2x.npz,2.0,0,0,16,640,0.0008698170199840094,4.981759489020496e-05,0.12573528651574817,4.359168211018874e-05,102.92758804564217,1,True,62,62,1.0,1,1,0.13813178456198966,0.026379554048945195
17,53,response_tables/trial_00053_hard_negative_structure_obs-empirical_prior-axis_edge_parallel_rel2x.npz,2.0,1,0,16,640,0.001076332887417708,5.002290303102557e-05,0.12052053856958234,4.404151915238793e-05,107.03629190850532,1,True,60,60,1.0,1,1,0.14155955338280496,0.026553186106453578
17,53,response_tables/trial_00053_hard_negative_structure_obs-empirical_prior-axis_edge_parallel_rel2x.npz,2.0,2,0,16,640,0.0004644767733569255,3.916936616570021e-05,0.12513909907697418,3.428367094116596e-05,156.40605748738164,1,True,57,57,1.0,1,1,0.14524807708185153,0.029050459669738047
17,53,response_tables/trial_00053_hard_negative_structure_obs-empirical_prior-axis_edge_parallel_rel2x.npz,2.0,3,0,16,640,0.000541464713777251,9.620973348752599e-05,0.1417869452692615,8.261318139377752e-05,77.04751595773354,1,True,25,25,1.0,1,1,0.10750539761272786,0.018862949842998498
18,56,response_tables/trial_00056_hard_negative_structure_obs-empirical_prior-axis_edge_parallel_rel2x.npz,2.0,0,0,16,640,0.007566891443206214,9.601362804381796e-05,0.39131771966226425,5.888738853764858e-05,55.544707161745116,0,True,78,78,1.0,1,1,0.09659549264961904,0.015864908172212113
18,56,response_tables/trial_00056_hard_negative_structure_obs-empirical_prior-axis_edge_parallel_rel2x.npz,2.0,1,0,16,640,0.008206071855793917,9.497775613262983e-05,0.38844323808318293,5.85648765800377e-05,56.4209538575397,0,True,75,75,1.0,1,1,0.0961140896645945,0.016054174681174652
18,56,response_tables/trial_00056_hard_negative_structure_obs-empirical_prior-axis_edge_parallel_rel2x.npz,2.0,2,0,16,640,0.0065609584295437395,8.935304070079801e-05,0.3912484346527658,5.4753035786834666e-05,66.8167432426299,1,False,80,80,0.0,1,1,0.10172016502311709,0.014974892311325006
18,56,response_tables/trial_00056_hard_negative_structure_obs-empirical_prior-axis_edge_parallel_rel2x.npz,2.0,3,0,16,640,0.00648585630010301,8.949858888499325e-05,0.3918627986872596,5.47827343084104e-05,67.23197616515523,1,False,80,80,0.0,1,1,0.10214485216167689,0.014979340293291902
19,59,response_tables/trial_00059_hard_negative_structure_obs-empirical_prior-axis_edge_parallel_rel2x.npz,2.0,0,0,16,640,0.007156779703598071,0.00010152039202374888,0.3591593028813196,6.552736370283972e-05,60.71417973505732,1,False,80,80,0.0,1,1,0.10292416811237425,0.016829770085904753
19,59,response_tables/trial_00059_hard_negative_structure_obs-empirical_prior-axis_edge_parallel_rel2x.npz,2.0,1,0,16,640,0.006334853992746359,0.00010204933674758516,0.35988544817183044,6.573971696504044e-05,61.14302736986596,1,True,79,79,1.0,1,1,0.1036310458672562,0.016751689393445606
19,59,response_tables/trial_00059_hard_negative_structure_obs-empirical_prior-axis_edge_parallel_rel2x.npz,2.0,2,0,16,640,0.004442136256087248,9.315743927125331e-05,0.3552165616014572,6.033438757626349e-05,106.92479637870342,0,True,79,79,1.0,1,1,0.11977702293731916,0.018024619846792485
19,59,response_tables/trial_00059_hard_negative_structure_obs-empirical_prior-axis_edge_parallel_rel2x.npz,2.0,3,0,16,640,0.004242063168614529,9.35089953756766e-05,0.3552131980440174,6.05502239572999e-05,106.80947300363714,1,False,80,80,0.0,1,1,0.12039191134489352,0.018138239928998417
20,62,response_tables/trial_00062_hard_negative_structure_obs-empirical_prior-axis_edge_parallel_rel2x.npz,2.0,0,0,16,640,0.0022075650548601944,0.00014628306717583551,0.3868190032579448,8.989644919716752e-05,41.05363312841851,1,False,80,80,0.0,1,1,0.0845563837781287,0.01616372871801982
20,62,response_tables/trial_00062_hard_negative_structure_obs-empirical_prior-axis_edge_parallel_rel2x.npz,2.0,1,0,16,640,0.003673663199169841,0.00010068081470642674,0.4179321037342958,5.881915176372777e-05,68.43913186706823,1,True,69,69,1.0,1,1,0.08248489170545684,0.01630851193226293
20,62,response_tables/trial_00062_hard_negative_structure_obs-empirical_prior-axis_edge_parallel_rel2x.npz,2.0,2,0,16,640,0.00024205352272910208,0.0001554073773537977,0.3592989354639854,9.959377913240922e-05,54.95650202088231,0,True,74,74,1.0,1,1,0.08265675565285564,0.016205233595732952
20,62,response_tables/trial_00062_hard_negative_structure_obs-empirical_prior-axis_edge_parallel_rel2x.npz,2.0,3,0,16,640,0.00016019042943793416,0.00015583964953077228,0.35856957671053946,9.997630761145435e-05,53.919622642221086,1,True,79,79,1.0,1,1,0.08213026601200915,0.01618792105190916
21,65,response_tables/trial_00065_hard_negative_structure_obs-empirical_prior-axis_edge_parallel_rel2x.npz,2.0,0,0,16,640,0.0014096773852440014,3.973272122517082e-05,0.2958038228565334,2.8019128325827528e-05,204.4020652063266,0,True,52,52,1.0,1,1,0.13466262931045067,0.020579110609851493
21,65,response_tables/trial_00065_hard_negative_structure_obs-empirical_prior-axis_edge_parallel_rel2x.npz,2.0,1,0,16,640,0.004199769383499863,9.471102880634977e-05,0.3871153244722274,5.8291750066119514e-05,121.48868956125992,0,True,13,13,1.0,1,1,0.10604340843485764,0.014773436311770204
21,65,response_tables/trial_00065_hard_negative_structure_obs-empirical_prior-axis_edge_parallel_rel2x.npz,2.0,2,0,16,640,0.0027482254855863975,5.036778851420362e-05,0.34906929958953303,3.2876291317346726e-05,190.39014370201488,0,True,53,53,1.0,1,1,0.12066302091155272,0.017842931475246612
21,65,response_tables/trial_00065_hard_negative_structure_obs-empirical_prior-axis_edge_parallel_rel2x.npz,2.0,3,0,16,640,0.003275877493169599,5.067009570592045e-05,0.3009313341825277,3.553829530371249e-05,173.98183493670177,0,True,59,59,1.0,1,1,0.12713438825863319,0.020122735730999614
22,68,response_tables/trial_00068_hard_negative_structure_obs-empirical_prior-axis_edge_parallel_rel2x.npz,2.0,0,0,16,640,0.0012202210786524947,1.749462949351432e-05,0.10451120404978942,1.5685384337337363e-05,197.26046951379425,0,True,64,64,1.0,1,1,0.2400089913262353,0.0309308085865791
22,68,response_tables/trial_00068_hard_negative_structure_obs-empirical_prior-axis_edge_parallel_rel2x.npz,2.0,1,0,16,640,0.002654499283038181,1.2445801161303852e-05,0.08310323766671068,1.1441887271000869e-05,2864.6237195940994,0,True,64,64,1.0,1,1,0.256102333074552,0.042881464549661394
22,68,response_tables/trial_00068_hard_negative_structure_obs-empirical_prior-axis_edge_parallel_rel2x.npz,2.0,2,0,16,640,0.0012416898001381682,5.9889404363897674e-05,0.10609689434892955,5.360188146596541e-05,192.2900119981861,0,True,57,57,1.0,1,1,0.1881245692358626,0.033385149624635534
22,68,response_tables/trial_00068_hard_negative_structure_obs-empirical_prior-axis_edge_parallel_rel2x.npz,2.0,3,0,16,640,0.0007025205949046098,2.295514822449311e-05,0.08821636457299742,2.0944842683236045e-05,1193.0957445785205,0,True,45,45,1.0,1,1,0.25977975317872043,0.04905133444618705
23,71,response_tables/trial_00071_hard_negative_structure_obs-empirical_prior-axis_edge_parallel_rel2x.npz,2.0,0,0,16,640,0.0015238251093487865,4.260418248058248e-05,0.1731865480154573,3.527947092939653e-05,136.6233255837439,2,True,71,71,1.0,1,1,0.15648851584867873,0.03506040707624749
23,71,response_tables/trial_00071_hard_negative_structure_obs-empirical_prior-axis_edge_parallel_rel2x.npz,2.0,1,0,16,640,0.003358306527907362,9.96976267345186e-05,0.20427301953092025,7.959941070196989e-05,89.26768593300605,0,True,73,73,1.0,1,1,0.13244419181401756,0.031677138770641065
23,71,response_tables/trial_00071_hard_negative_structure_obs-empirical_prior-axis_edge_parallel_rel2x.npz,2.0,2,0,16,640,0.005800722266886882,1.160820989381695e-05,0.1920671597023509,9.43337437507216e-06,1572.4167864968863,1,True,77,77,1.0,1,1,0.22984407147056668,0.05007370930411247
23,71,response_tables/trial_00071_hard_negative_structure_obs-empirical_prior-axis_edge_parallel_rel2x.npz,2.0,3,0,16,640,0.003121322580636021,9.507767131793574e-05,0.18492649498007452,7.773793598520498e-05,120.84412876703193,1,True,70,70,1.0,1,1,0.12453658766733539,0.03588521316881147
24,74,response_tables/trial_00074_hard_negative_structure_obs-empirical_prior-axis_edge_parallel_rel2x.npz,2.0,0,0,16,640,0.0007001061455408353,6.491562195918784e-05,0.4340233194509966,3.676646866289586e-05,142.50468441161996,1,False,80,80,0.0,1,1,0.10185877955173406,0.013358131316759541
24,74,response_tables/trial_00074_hard_negative_structure_obs-empirical_prior-axis_edge_parallel_rel2x.npz,2.0,1,0,16,640,0.002401585661042649,6.096484854743948e-05,0.4168325472393113,3.563830387492135e-05,220.85985093569803,1,True,24,24,1.0,1,1,0.1110319817468888,0.014178168859219045
24,74,response_tables/trial_00074_hard_negative_structure_obs-empirical_prior-axis_edge_parallel_rel2x.npz,2.0,2,0,16,640,0.0025839108620553386,4.500804564495485e-05,0.47396077701919315,2.3737332510266235e-05,226.17249983683928,0,True,69,69,1.0,1,1,0.10811808541157904,0.011958049242584475
24,74,response_tables/trial_00074_hard_negative_structure_obs-empirical_prior-axis_edge_parallel_rel2x.npz,2.0,3,0,16,640,0.0016462951277338433,4.3144279224459654e-05,0.4351059360862638,2.4412136807617944e-05,254.1475927279008,1,True,60,60,1.0,1,1,0.11342360630975713,0.01708867103823989
25,77,response_tables/trial_00077_hard_negative_structure_obs-empirical_prior-axis_edge_parallel_rel2x.npz,2.0,0,0,16,640,0.0039569582337593,9.010918829419584e-05,0.3540657376587112,5.84358402502084e-05,157.5471760248112,0,True,66,66,1.0,1,1,0.10928349815242426,0.022329896820298373
25,77,response_tables/trial_00077_hard_negative_structure_obs-empirical_prior-axis_edge_parallel_rel2x.npz,2.0,1,0,16,640,0.001423757261023617,8.762114797008433e-05,0.37149808054230316,5.514857787246593e-05,278.33768361015217,0,True,69,69,1.0,1,1,0.10988437359668682,0.02454522297786236
25,77,response_tables/trial_00077_hard_negative_structure_obs-empirical_prior-axis_edge_parallel_rel2x.npz,2.0,2,0,16,640,0.0012081604219725817,9.462996639651677e-05,0.3727884634969909,5.942480131582076e-05,271.71872513564557,1,True,77,77,1.0,1,1,0.10948122444995294,0.023487598641458808
25,77,response_tables/trial_00077_hard_negative_structure_obs-empirical_prior-axis_edge_parallel_rel2x.npz,2.0,3,0,16,640,0.0017328186388698708,8.080762431438293e-05,0.3675146029064301,5.119835982485457e-05,299.7954707655553,1,False,80,80,0.0,1,1,0.11085913666008067,0.025731768686494544
26,80,response_tables/trial_00080_hard_negative_structure_obs-empirical_prior-axis_edge_parallel_rel2x.npz,2.0,0,0,16,640,0.0009506980380472596,1.0865212802001074e-05,0.3678715189185551,6.8747462729493754e-06,346.0706475755624,0,True,76,76,1.0,1,1,0.1314047802362386,0.01743032690665971
26,80,response_tables/trial_00080_hard_negative_structure_obs-empirical_prior-axis_edge_parallel_rel2x.npz,2.0,1,0,16,640,0.0009406914242536812,6.945177817233166e-05,0.3813194064974006,4.300892546682204e-05,171.63435353237344,1,True,45,45,1.0,1,1,0.08296157018666313,0.01091676128044316
26,80,response_tables/trial_00080_hard_negative_structure_obs-empirical_prior-axis_edge_parallel_rel2x.npz,2.0,2,0,16,640,0.0059507536675171835,7.290382464006805e-05,0.3148058035114426,5.025231670311643e-05,189.19048081723514,0,True,68,68,1.0,1,1,0.08869138161615886,0.01395289807268272
26,80,response_tables/trial_00080_hard_negative_structure_obs-empirical_prior-axis_edge_parallel_rel2x.npz,2.0,3,0,16,640,0.0062120715815222605,0.00010208726331848862,0.3388603979152661,6.791583064982024e-05,179.4714569266953,0,True,59,59,1.0,1,1,0.06795302138539869,0.010737120863580295
27,83,response_tables/trial_00083_hard_negative_structure_obs-empirical_prior-axis_edge_parallel_rel2x.npz,2.0,0,0,16,640,0.0020221800558741787,6.310112856435638e-05,0.2398731382848046,4.806205295123363e-05,82.96679207014054,1,False,80,80,0.0,1,1,0.13082061105991152,0.02191242558851009
27,83,response_tables/trial_00083_hard_negative_structure_obs-empirical_prior-axis_edge_parallel_rel2x.npz,2.0,1,0,16,640,0.0023663660922240703,7.067638261783889e-05,0.2611764497506963,5.234123444691022e-05,208.173788628845,0,True,53,53,1.0,1,1,0.13876663146911633,0.019188204539362638
27,83,response_tables/trial_00083_hard_negative_structure_obs-empirical_prior-axis_edge_parallel_rel2x.npz,2.0,2,0,16,640,0.002796184374209476,9.627026131815483e-05,0.2428323964308825,7.309711607099751e-05,71.68821025936955,1,True,79,79,1.0,1,1,0.11949910234407361,0.020493470354339578
27,83,response_tables/trial_00083_hard_negative_structure_obs-empirical_prior-axis_edge_parallel_rel2x.npz,2.0,3,0,16,640,0.0030254378087186673,5.596280801411949e-05,0.2582043271098833,4.1638944865766225e-05,273.66760364870987,0,True,59,59,1.0,1,1,0.14329968781346303,0.02018939321503618
28,86,response_tables/trial_00086_hard_negative_structure_obs-empirical_prior-axis_edge_parallel_rel2x.npz,2.0,0,0,16,640,0.00015407053099136814,0.00014725480361090504,0.3148846101945454,0.00010090207821337935,92.12270860757243,1,False,80,80,0.0,1,1,0.12277826361321434,0.01746966199850189
28,86,response_tables/trial_00086_hard_negative_structure_obs-empirical_prior-axis_edge_parallel_rel2x.npz,2.0,1,0,16,640,0.0003053461552455783,0.000147156886777984,0.37876624210076515,9.144674868696051e-05,100.20068776952738,0,True,47,47,1.0,1,1,0.11536316779080862,0.015370297510939485
28,86,response_tables/trial_00086_hard_negative_structure_obs-empirical_prior-axis_edge_parallel_rel2x.npz,2.0,2,0,16,640,0.0009630090340626563,0.00014735379099581954,0.3872096101667859,9.038402766290455e-05,99.59383264439346,0,False,80,80,0.0,1,1,0.10887090483655867,0.01739713408859187
28,86,response_tables/trial_00086_hard_negative_structure_obs-empirical_prior-axis_edge_parallel_rel2x.npz,2.0,3,0,16,640,0.0009082719517602422,0.00014760400548638743,0.38740886532537466,9.050310663673099e-05,99.09481314730704,0,False,80,80,0.0,1,1,0.10837755214371554,0.017427596295831547
29,89,response_tables/trial_00089_hard_negative_structure_obs-empirical_prior-axis_edge_parallel_rel2x.npz,2.0,0,0,16,640,0.000310362208865711,9.997494750466285e-05,0.33339489436753966,6.666450058359951e-05,67.13076217694604,0,True,65,65,1.0,1,1,0.10226997853396869,0.014197034513644761
29,89,response_tables/trial_00089_hard_negative_structure_obs-empirical_prior-axis_edge_parallel_rel2x.npz,2.0,1,0,16,640,0.0004354784775952858,0.00010839271869929862,0.33266926751631487,7.236530589874449e-05,65.86980785296572,1,True,68,68,1.0,1,1,0.10206365012620769,0.014050128249448915
29,89,response_tables/trial_00089_hard_negative_structure_obs-empirical_prior-axis_edge_parallel_rel2x.npz,2.0,2,0,16,640,0.005161137869909127,0.00010109748151975072,0.37879013122608696,6.31285684736801e-05,97.17512245527737,1,False,80,80,0.0,1,1,0.09924345971111105,0.018559784508536376
29,89,response_tables/trial_00089_hard_negative_structure_obs-empirical_prior-axis_edge_parallel_rel2x.npz,2.0,3,0,16,640,0.0007175800668187682,0.00010985885085878092,0.33023593027141696,7.363234815218962e-05,68.381375205844,0,True,69,69,1.0,1,1,0.10284692088003544,0.01426231456850998
30,92,response_tables/trial_00092_hard_negative_structure_obs-empirical_prior-axis_edge_parallel_rel2x.npz,2.0,0,0,16,640,0.0004096939079568651,9.62481991570908e-05,0.3498527129742569,6.260115287405958e-05,80.06860638182054,0,True,76,76,1.0,1,1,0.11203902311508668,0.016943337020194214
30,92,response_tables/trial_00092_hard_negative_structure_obs-empirical_prior-axis_edge_parallel_rel2x.npz,2.0,1,0,16,640,0.0003153564156729294,0.00010028374711087897,0.3492348416493344,6.528175558906067e-05,79.41991601171101,0,True,72,72,1.0,1,1,0.11127734636890078,0.0167705468135852
30,92,response_tables/trial_00092_hard_negative_structure_obs-empirical_prior-axis_edge_parallel_rel2x.npz,2.0,2,0,16,640,0.0003153564156729294,0.00010028374711087897,0.3492348416493344,6.528175558906067e-05,79.41991601171101,0,True,72,72,1.0,1,1,0.11127734636890078,0.0167705468135852
30,92,response_tables/trial_00092_hard_negative_structure_obs-empirical_prior-axis_edge_parallel_rel2x.npz,2.0,3,0,16,640,0.0007299995077916233,7.95755570565787e-05,0.3386454521568967,5.266610278562749e-05,98.56322445083842,0,True,77,77,1.0,1,1,0.11490939520173561,0.01732522673507989
31,95,response_tables/trial_00095_hard_negative_structure_obs-empirical_prior-axis_edge_parallel_rel2x.npz,2.0,0,0,16,640,0.00754631571391251,8.572289088480746e-05,0.24610943540438923,6.51170725960913e-05,54.19110022173169,1,False,80,80,0.0,1,1,0.12779725846564502,0.020749544380482904
31,95,response_tables/trial_00095_hard_negative_structure_obs-empirical_prior-axis_edge_parallel_rel2x.npz,2.0,1,0,16,640,0.013063429051059616,0.00011261967613349074,0.29316199497269935,8.065753114050492e-05,53.1549928389001,1,False,80,80,0.0,1,1,0.0868739304964467,0.023092550312993773
31,95,response_tables/trial_00095_hard_negative_structure_obs-empirical_prior-axis_edge_parallel_rel2x.npz,2.0,2,0,16,640,0.012706940536160949,0.00010975495872325567,0.2900080709606768,7.892806914683847e-05,97.60097674622575,0,False,80,80,0.0,1,1,0.11276780337036364,0.026297417549767492
31,95,response_tables/trial_00095_hard_negative_structure_obs-empirical_prior-axis_edge_parallel_rel2x.npz,2.0,3,0,16,640,0.008330447830320442,0.00010614576012488226,0.27837233683858964,7.724117037356025e-05,75.86883689526216,1,False,80,80,0.0,1,1,0.10194451369638385,0.021108513663881955
32,98,response_tables/trial_00098_hard_negative_structure_obs-empirical_prior-axis_edge_parallel_rel2x.npz,2.0,0,0,16,640,0.0013644141533465381,8.762506042906689e-05,0.34319043996312704,5.7631610774040086e-05,128.92374426792918,0,True,36,36,1.0,1,1,0.10926333879770297,0.0165571498466625
32,98,response_tables/trial_00098_hard_negative_structure_obs-empirical_prior-axis_edge_parallel_rel2x.npz,2.0,1,0,16,640,0.0009851778380085552,4.048115212819666e-05,0.339721139866364,2.675520762170222e-05,341.195273476024,0,True,79,79,1.0,1,1,0.13278688344489126,0.022353410331488206
32,98,response_tables/trial_00098_hard_negative_structure_obs-empirical_prior-axis_edge_parallel_rel2x.npz,2.0,2,0,16,640,0.0019521918586635767,4.783780447721905e-05,0.33346010322847186,3.194817422364069e-05,273.5645761745752,0,False,80,80,0.0,1,1,0.12648764347301242,0.020304511468614145
32,98,response_tables/trial_00098_hard_negative_structure_obs-empirical_prior-axis_edge_parallel_rel2x.npz,2.0,3,0,16,640,0.0020006298036361336,4.597401964374567e-05,0.3240854440400065,3.1136802287845365e-05,300.0981437561519,1,False,80,80,0.0,1,1,0.130268970046504,0.020724581467187676
33,101,response_tables/trial_00101_hard_negative_structure_obs-empirical_prior-axis_edge_parallel_rel2x.npz,2.0,0,0,16,640,0.0006241433360064663,9.492731466339711e-05,0.44104468757247905,5.3093264632892166e-05,115.96078512468648,0,False,80,80,0.0,1,1,0.10317212240782084,0.017751915079425917
33,101,response_tables/trial_00101_hard_negative_structure_obs-empirical_prior-axis_edge_parallel_rel2x.npz,2.0,1,0,16,640,0.0021693207414436033,0.00010847113678557633,0.45757107716980183,5.896579761256396e-05,101.76764678574816,0,False,80,80,0.0,1,1,0.09826677911488892,0.015272014825078681
33,101,response_tables/trial_00101_hard_negative_structure_obs-empirical_prior-axis_edge_parallel_rel2x.npz,2.0,2,0,16,640,0.0009944740409298936,9.334353408482262e-05,0.4664672361432217,4.985140966124667e-05,134.26656554838428,0,False,80,80,0.0,1,1,0.10379996892919478,0.01556596613858525
33,101,response_tables/trial_00101_hard_negative_structure_obs-empirical_prior-axis_edge_parallel_rel2x.npz,2.0,3,0,16,640,0.001277986757316607,9.748587703996332e-05,0.46167925612910676,5.2545822710635985e-05,142.1374424588171,0,False,80,80,0.0,1,1,0.10207430617290136,0.019850724421045254
34,104,response_tables/trial_00104_hard_negative_structure_obs-empirical_prior-axis_edge_parallel_rel2x.npz,2.0,0,0,16,640,0.0031535382735667916,0.00011422140501329546,0.3304114855172108,7.672329073880836e-05,68.73528687363722,0,False,80,80,0.0,1,1,0.12115259442164207,0.025111854524797413
34,104,response_tables/trial_00104_hard_negative_structure_obs-empirical_prior-axis_edge_parallel_rel2x.npz,2.0,1,0,16,640,0.0009640035718989637,9.602164803497259e-05,0.2935667652055436,6.789833767168194e-05,139.12442614508072,1,False,80,80,0.0,1,1,0.1255842706501681,0.022268535625836087
34,104,response_tables/trial_00104_hard_negative_structure_obs-empirical_prior-axis_edge_parallel_rel2x.npz,2.0,2,0,16,640,0.0008957461470093797,9.634795459247182e-05,0.2936307622745681,6.811824789998629e-05,137.20649480215712,0,True,77,77,1.0,1,1,0.12614464543659337,0.02235297324492764
34,104,response_tables/trial_00104_hard_negative_structure_obs-empirical_prior-axis_edge_parallel_rel2x.npz,2.0,3,0,16,640,0.0008487702434819555,0.00010248172427481293,0.2943122905965655,7.238152854681536e-05,126.1535908892506,0,False,80,80,0.0,1,1,0.13024621159754543,0.022830440110450465
35,107,response_tables/trial_00107_hard_negative_structure_obs-empirical_prior-axis_edge_parallel_rel2x.npz,2.0,0,0,16,640,0.013096560911244226,3.7568087080406156e-05,0.15729052619689043,3.207910889899256e-05,121.63432716384686,0,True,62,62,1.0,1,1,0.14572047640787344,0.01937104208838141
35,107,response_tables/trial_00107_hard_negative_structure_obs-empirical_prior-axis_edge_parallel_rel2x.npz,2.0,1,0,16,640,0.009804628124408965,7.335062807261206e-05,0.14950939211148062,6.30017287803669e-05,59.95198176045518,1,True,70,70,1.0,1,1,0.1195561939312781,0.01731687503753604
35,107,response_tables/trial_00107_hard_negative_structure_obs-empirical_prior-axis_edge_parallel_rel2x.npz,2.0,2,0,16,640,0.006866893931281592,5.870137803794356e-05,0.1442910530905278,5.0578612349176705e-05,93.69496278036445,1,True,70,70,1.0,1,1,0.13053534773154646,0.018759042770219527
35,107,response_tables/trial_00107_hard_negative_structure_obs-empirical_prior-axis_edge_parallel_rel2x.npz,2.0,3,0,16,640,0.0014292954306329708,5.994952589265999e-05,0.11005840597473426,5.342794094583479e-05,150.5030052818149,2,True,75,75,1.0,1,1,0.1638562693968727,0.02364633102280642
36,110,response_tables/trial_00110_hard_negative_structure_obs-empirical_prior-axis_edge_parallel_rel2x.npz,2.0,0,0,16,640,0.001278823955756403,7.471770485487882e-05,0.40793375359345707,4.429447589041638e-05,78.79067302873428,0,False,80,80,0.0,1,1,0.09103967283635178,0.015177973040787714
36,110,response_tables/trial_00110_hard_negative_structure_obs-empirical_prior-axis_edge_parallel_rel2x.npz,2.0,1,0,16,640,0.0004909172245171067,9.021750415986481e-05,0.41458197420954035,5.2840893681877947e-05,74.999597407328,0,True,74,74,1.0,1,1,0.08941643979260404,0.014830801753538302
36,110,response_tables/trial_00110_hard_negative_structure_obs-empirical_prior-axis_edge_parallel_rel2x.npz,2.0,2,0,16,640,0.0003048945104998646,9.355350063783576e-05,0.4100710851162005,5.5206747349068576e-05,73.34464435559897,1,False,80,80,0.0,1,1,0.08917696203001856,0.014688698931822614
36,110,response_tables/trial_00110_hard_negative_structure_obs-empirical_prior-axis_edge_parallel_rel2x.npz,2.0,3,0,16,640,0.0003048945104998646,9.355350063783576e-05,0.4100710851162005,5.5206747349068576e-05,73.34464435559897,1,False,80,80,0.0,1,1,0.08917696203001856,0.014688698931822614
37,113,response_tables/trial_00113_hard_negative_structure_obs-empirical_prior-axis_edge_parallel_rel2x.npz,2.0,0,0,16,640,0.0006584875949003921,8.331371038764391e-05,0.11064669019200823,7.414414708672666e-05,72.84556695969417,0,True,68,68,1.0,1,1,0.19806904969181066,0.028891873624777395
37,113,response_tables/trial_00113_hard_negative_structure_obs-empirical_prior-axis_edge_parallel_rel2x.npz,2.0,1,0,16,640,0.0003193859421041223,7.93599672260927e-05,0.11348416365900238,7.037634493266189e-05,70.88179919794777,1,True,72,72,1.0,1,1,0.1728405911157114,0.025008871570969364
37,113,response_tables/trial_00113_hard_negative_structure_obs-empirical_prior-axis_edge_parallel_rel2x.npz,2.0,2,0,16,640,0.0003826803604496387,7.893662885207087e-05,0.110871937179571,7.021164051271613e-05,71.63847826205789,0,False,80,80,0.0,1,1,0.19679367455386482,0.028968680433506
37,113,response_tables/trial_00113_hard_negative_structure_obs-empirical_prior-axis_edge_parallel_rel2x.npz,2.0,3,0,16,640,0.0007718796414544205,8.395935630167339e-05,0.11003720690637997,7.477842318305474e-05,75.31384287963033,0,True,68,68,1.0,1,1,0.19989382690170157,0.030238031040443494
38,116,response_tables/trial_00116_hard_negative_structure_obs-empirical_prior-axis_edge_parallel_rel2x.npz,2.0,0,0,16,640,0.0004465771910336924,0.00017340631633707104,0.4299789334509213,9.888941514204125e-05,99.0688921794043,1,True,79,79,1.0,1,1,0.1021592999506435,0.013650756472442701
38,116,response_tables/trial_00116_hard_negative_structure_obs-empirical_prior-axis_edge_parallel_rel2x.npz,2.0,1,0,16,640,0.0004178603060988051,0.00016776396166617115,0.42593614882347464,9.63474857125849e-05,93.1972998498847,0,True,14,14,1.0,1,1,0.10345038935921269,0.013870046472506052
38,116,response_tables/trial_00116_hard_negative_structure_obs-empirical_prior-axis_edge_parallel_rel2x.npz,2.0,2,0,16,640,0.0004069600212254221,0.00016623930314424996,0.4270015464712227,9.52936443208723e-05,93.9038939717889,0,True,13,13,1.0,1,1,0.10354950793248659,0.013784292278127674
38,116,response_tables/trial_00116_hard_negative_structure_obs-empirical_prior-axis_edge_parallel_rel2x.npz,2.0,3,0,16,640,0.0003331304650499023,0.00010921017977799468,0.43141332324944515,6.211614596789403e-05,151.0078933499775,0,True,44,44,1.0,1,1,0.11056683183249137,0.014935037377336889
39,119,response_tables/trial_00119_hard_negative_structure_obs-empirical_prior-axis_edge_parallel_rel2x.npz,2.0,0,0,16,640,0.007937958516633481,0.00017516026644050464,0.30225651115487284,0.00012319485103018016,54.20497489192515,1,True,74,74,1.0,1,1,0.108608976643325,0.01973529215702001
39,119,response_tables/trial_00119_hard_negative_structure_obs-empirical_prior-axis_edge_parallel_rel2x.npz,2.0,1,0,16,640,0.008032281769608018,0.0001726953799665894,0.3023074663841958,0.00012146390953888826,54.3152882392955,1,True,60,60,1.0,1,1,0.10892925192690835,0.019697957595146028
39,119,response_tables/trial_00119_hard_negative_structure_obs-empirical_prior-axis_edge_parallel_rel2x.npz,2.0,2,0,16,640,0.00769236449242483,0.00018146797562569312,0.30346826545133354,0.00012737804215619608,53.26026182350537,1,True,75,75,1.0,1,1,0.10831302438798204,0.019532610062369785
39,119,response_tables/trial_00119_hard_negative_structure_obs-empirical_prior-axis_edge_parallel_rel2x.npz,2.0,3,0,16,640,0.014019418610565215,0.000117959961844719,0.30558839981534025,8.307746360164823e-05,92.05379058991674,0,True,69,69,1.0,1,1,0.12605519426487585,0.023201155479329116
40,122,response_tables/trial_00122_hard_negative_structure_obs-empirical_prior-axis_edge_parallel_rel2x.npz,2.0,0,0,16,640,0.0006532799602314565,0.00017682028574735436,0.13803045740585984,0.00015251333473226085,50.70730112314166,0,True,51,51,1.0,1,1,0.14633432290283763,0.02386110870939659
40,122,response_tables/trial_00122_hard_negative_structure_obs-empirical_prior-axis_edge_parallel_rel2x.npz,2.0,1,0,16,640,0.0007448785977970385,0.00017951206073973895,0.13889285951578367,0.00015469434581342218,50.22932895674535,1,True,67,67,1.0,1,1,0.14538595971386123,0.02392698134857481
40,122,response_tables/trial_00122_hard_negative_structure_obs-empirical_prior-axis_edge_parallel_rel2x.npz,2.0,2,0,16,640,0.0007536166096364649,0.00018523841138835635,0.13902838210136526,0.00015960529595202146,49.5456591832247,0,True,59,59,1.0,1,1,0.14544550545253437,0.023872983127584933
40,122,response_tables/trial_00122_hard_negative_structure_obs-empirical_prior-axis_edge_parallel_rel2x.npz,2.0,3,0,16,640,0.0012397019589985847,0.00011914590486265378,0.1364980486856484,0.00010301042356390508,75.13775962963699,1,True,51,51,1.0,1,1,0.15555894367738762,0.026041765498270437
41,125,response_tables/trial_00125_hard_negative_structure_obs-empirical_prior-axis_edge_parallel_rel2x.npz,2.0,0,0,16,640,0.0016285023809248234,7.781851736133188e-05,0.3300948753905375,5.2216057543899404e-05,219.40434184027657,1,False,80,80,0.0,1,1,0.11881791843397964,0.026122133267374375
41,125,response_tables/trial_00125_hard_negative_structure_obs-empirical_prior-axis_edge_parallel_rel2x.npz,2.0,1,0,16,640,0.005017537482605139,7.123596715293606e-05,0.35321810957482147,4.6306477990446405e-05,233.93264571726718,1,True,61,61,1.0,1,1,0.11604631981940078,0.0260718181154563
41,125,response_tables/trial_00125_hard_negative_structure_obs-empirical_prior-axis_edge_parallel_rel2x.npz,2.0,2,0,16,640,0.004703822918451395,6.828381872995812e-05,0.3559264334105723,4.4187653567312604e-05,242.79255669688217,2,False,80,80,0.0,1,1,0.14702992172503776,0.11571278872940266
41,125,response_tables/trial_00125_hard_negative_structure_obs-empirical_prior-axis_edge_parallel_rel2x.npz,2.0,3,0,16,640,0.001805790941224572,0.00011053484961473194,0.36606086976546126,7.019913138089817e-05,190.0354419983617,0,True,75,75,1.0,1,1,0.1022871031908638,0.017733408580999706
42,128,response_tables/trial_00128_hard_negative_structure_obs-empirical_prior-axis_edge_parallel_rel2x.npz,2.0,0,0,16,640,0.006923202932844763,0.00014054424901800464,0.18153221349718218,0.00011583287489868549,67.05763585054058,0,True,74,74,1.0,1,1,0.10817052581283719,0.021928262257711908
42,128,response_tables/trial_00128_hard_negative_structure_obs-empirical_prior-axis_edge_parallel_rel2x.npz,2.0,1,0,16,640,0.00496913045045233,0.00014763741057867023,0.15900556148193057,0.00012478230074417583,63.47818152048127,1,True,51,51,1.0,1,1,0.10466306604760839,0.017786086334331087
42,128,response_tables/trial_00128_hard_negative_structure_obs-empirical_prior-axis_edge_parallel_rel2x.npz,2.0,2,0,16,640,0.005905786212732078,0.00016547189270052075,0.187850242595049,0.00013518633913186067,52.892721197865434,0,True,68,68,1.0,1,1,0.0886242409637614,0.022452032541215645
42,128,response_tables/trial_00128_hard_negative_structure_obs-empirical_prior-axis_edge_parallel_rel2x.npz,2.0,3,0,16,640,0.004579057876667569,0.00014747325953863108,0.15280996545544578,0.00012551260532697443,63.4560536862707,2,True,71,71,1.0,1,1,0.10413763982528654,0.01912718247525852
43,131,response_tables/trial_00131_hard_negative_structure_obs-empirical_prior-axis_edge_parallel_rel2x.npz,2.0,0,0,16,640,0.001140186729094772,5.0627220789367795e-05,0.23929914876964997,3.8556131138948816e-05,30.037338667992938,1,True,73,73,1.0,1,1,0.07008153623478433,0.012355256468634886
43,131,response_tables/trial_00131_hard_negative_structure_obs-empirical_prior-axis_edge_parallel_rel2x.npz,2.0,1,0,16,640,0.000672856329224758,5.119311732970045e-05,0.25954665841116575,3.793163733538493e-05,30.34309535815347,1,True,69,69,1.0,1,1,0.06388703642262218,0.011781035581605228
43,131,response_tables/trial_00131_hard_negative_structure_obs-empirical_prior-axis_edge_parallel_rel2x.npz,2.0,2,0,16,640,0.0003392046043553254,4.1108470679053106e-05,0.24775224929999218,3.093424764226745e-05,59.90343115135119,1,True,73,73,1.0,1,1,0.06720689755240762,0.01297710912248011
43,131,response_tables/trial_00131_hard_negative_structure_obs-empirical_prior-axis_edge_parallel_rel2x.npz,2.0,3,0,16,640,0.0008711935768261903,9.876227503286698e-05,0.27915730560458796,7.12541405889159e-05,41.443648995697274,1,True,18,18,1.0,1,1,0.0559648529288329,0.008984940849826878
44,134,response_tables/trial_00134_hard_negative_structure_obs-empirical_prior-axis_edge_parallel_rel2x.npz,2.0,0,0,16,640,0.014983494244940498,3.093089012169903e-05,0.39957102736214145,1.8854305963441814e-05,265.9546015884855,1,False,80,80,0.0,1,1,0.13174782602606547,0.027034098790946908
44,134,response_tables/trial_00134_hard_negative_structure_obs-empirical_prior-axis_edge_parallel_rel2x.npz,2.0,1,0,16,640,0.0013943823524088517,9.222433155042502e-05,0.401843579588272,5.524160395273707e-05,129.1585530472352,0,True,72,72,1.0,1,1,0.10341579673478137,0.02386289033889233
44,134,response_tables/trial_00134_hard_negative_structure_obs-empirical_prior-axis_edge_parallel_rel2x.npz,2.0,2,0,16,640,0.006948607286434649,0.0001204506644864115,0.3989094685495339,7.29083655296603e-05,100.13273578955814,0,True,67,67,1.0,1,1,0.07223080290488573,0.020068105275083924
44,134,response_tables/trial_00134_hard_negative_structure_obs-empirical_prior-axis_edge_parallel_rel2x.npz,2.0,3,0,16,640,0.006350845325304166,0.00010695468535900636,0.3837599063230386,6.63310233946727e-05,106.48046716112657,0,False,80,80,0.0,1,1,0.07907500512332964,0.028665515311271185
45,137,response_tables/trial_00137_hard_negative_structure_obs-empirical_prior-axis_edge_parallel_rel2x.npz,2.0,0,0,16,640,0.0010164130189502796,7.139462618487481e-05,0.15414471460285695,6.045096505531995e-05,143.00262977343567,0,True,55,55,1.0,1,1,0.15710842281976137,0.025245036650644734
45,137,response_tables/trial_00137_hard_negative_structure_obs-empirical_prior-axis_edge_parallel_rel2x.npz,2.0,1,0,16,640,0.002036653495004259,6.618512257046031e-05,0.1544728582665993,5.607552392406022e-05,171.939683666419,0,True,68,68,1.0,1,1,0.1623211060665936,0.025306773186940964
45,137,response_tables/trial_00137_hard_negative_structure_obs-empirical_prior-axis_edge_parallel_rel2x.npz,2.0,2,0,16,640,0.0005197363249488385,9.267916789353824e-05,0.14933138749080666,7.888025609491653e-05,106.1138071359448,1,False,80,80,0.0,1,1,0.15158640452917224,0.0292190045095811
45,137,response_tables/trial_00137_hard_negative_structure_obs-empirical_prior-axis_edge_parallel_rel2x.npz,2.0,3,0,16,640,0.004199648706766035,8.859471015210883e-05,0.204205113956492,7.080055472765538e-05,135.13779372147653,1,False,80,80,0.0,1,1,0.11971462992488932,0.025666120070314026
46,140,response_tables/trial_00140_hard_negative_structure_obs-empirical_prior-axis_edge_parallel_rel2x.npz,2.0,0,0,16,640,0.0010869557259354234,7.61233101771673e-05,0.5389434014035064,3.513534502865221e-05,50.65106651571338,1,True,16,16,1.0,1,1,0.07530537050907943,0.010252165851028795
46,140,response_tables/trial_00140_hard_negative_structure_obs-empirical_prior-axis_edge_parallel_rel2x.npz,2.0,1,0,16,640,0.002602508999802744,0.00016601736013964577,0.5148463067891824,8.075409867743851e-05,36.368915221535964,1,True,50,50,1.0,1,1,0.055208099938683704,0.009131637683320051
46,140,response_tables/trial_00140_hard_negative_structure_obs-empirical_prior-axis_edge_parallel_rel2x.npz,2.0,2,0,16,640,0.0026782571057192284,0.00016924907291032652,0.5155846821546317,8.220701497087544e-05,35.64476665691332,1,True,54,54,1.0,1,1,0.05496915590524985,0.009155626745149126
46,140,response_tables/trial_00140_hard_negative_structure_obs-empirical_prior-axis_edge_parallel_rel2x.npz,2.0,3,0,16,640,0.0025552463402600534,0.00017593451902898024,0.5148566092916036,8.557212696863524e-05,35.867630650486234,1,True,63,63,1.0,1,1,0.056302268838661435,0.009131674626658643
47,143,response_tables/trial_00143_hard_negative_structure_obs-empirical_prior-axis_edge_parallel_rel2x.npz,2.0,0,0,16,640,0.0015235474722925524,0.00010453329542065511,0.15910529691863162,8.803562086250552e-05,136.71365886984756,1,True,78,78,1.0,1,1,0.15159471215659429,0.03306618857111091
47,143,response_tables/trial_00143_hard_negative_structure_obs-empirical_prior-axis_edge_parallel_rel2x.npz,2.0,1,0,16,640,0.0008116839346746785,9.460751163227601e-05,0.1439974799194209,8.10500554036566e-05,172.54910897980062,0,True,58,58,1.0,1,1,0.17941491341166355,0.04642630149852211
47,143,response_tables/trial_00143_hard_negative_structure_obs-empirical_prior-axis_edge_parallel_rel2x.npz,2.0,2,0,16,640,0.00183655555100104,0.00012054857060762578,0.16465921338779754,0.00010088441763356517,119.79046050381469,1,True,68,68,1.0,1,1,0.13523789743227765,0.03882085167224906
47,143,response_tables/trial_00143_hard_negative_structure_obs-empirical_prior-axis_edge_parallel_rel2x.npz,2.0,3,0,16,640,0.001777517051349875,0.00011164790481588416,0.16421403695077053,9.347991378969234e-05,159.748824174798,1,True,73,73,1.0,1,1,0.156390449115808,0.02962859452965122
48,146,response_tables/trial_00146_hard_negative_structure_obs-empirical_prior-axis_edge_parallel_rel2x.npz,2.0,0,0,16,640,0.0027480832434783053,8.68319531950969e-05,0.4108857487132953,5.129490375978981e-05,187.38575596423104,0,False,80,80,0.0,1,1,0.10632605757668302,0.01820968696934148
48,146,response_tables/trial_00146_hard_negative_structure_obs-empirical_prior-axis_edge_parallel_rel2x.npz,2.0,1,0,16,640,0.002433031512011685,8.670246155265491e-05,0.41440207423819764,5.089661471112401e-05,183.98206134508493,1,True,68,68,1.0,1,1,0.10493495801965547,0.01838684577014031
48,146,response_tables/trial_00146_hard_negative_structure_obs-empirical_prior-axis_edge_parallel_rel2x.npz,2.0,2,0,16,640,0.004500005549777919,0.00010448788621623826,0.41256391751448807,6.165741324785924e-05,153.26984104382382,1,False,80,80,0.0,1,1,0.11418407974024676,0.026008586383724018
48,146,response_tables/trial_00146_hard_negative_structure_obs-empirical_prior-axis_edge_parallel_rel2x.npz,2.0,3,0,16,640,0.003146244952423327,0.00014601233654862374,0.40265488500001556,8.749503678490065e-05,97.61690230068086,1,False,80,80,0.0,1,1,0.10068071634972144,0.02262833489582065
49,149,response_tables/trial_00149_hard_negative_structure_obs-empirical_prior-axis_edge_parallel_rel2x.npz,2.0,0,0,16,640,0.00772437756299349,1.974907369330775e-05,0.393020517441392,1.208059762864602e-05,187.64219721736526,1,False,80,80,0.0,1,1,0.13098983477254844,0.02364147346828939
49,149,response_tables/trial_00149_hard_negative_structure_obs-empirical_prior-axis_edge_parallel_rel2x.npz,2.0,1,0,16,640,0.0016120870616574967,2.2403183383568234e-05,0.3975839849528665,1.3517828374523606e-05,2051.237767773571,1,True,48,48,1.0,1,1,0.07706545677703495,0.02016467059864175
49,149,response_tables/trial_00149_hard_negative_structure_obs-empirical_prior-axis_edge_parallel_rel2x.npz,2.0,2,0,16,640,0.004145936455376531,3.6117063611833716e-05,0.42612025222571026,2.0813141317245184e-05,162.69226679700625,1,True,73,73,1.0,1,1,0.10982563791193288,0.020706982045699172
49,149,response_tables/trial_00149_hard_negative_structure_obs-empirical_prior-axis_edge_parallel_rel2x.npz,2.0,3,0,16,640,0.002571704370035288,7.70421821305439e-05,0.4387710570213731,4.3349785274121554e-05,258.2258038644006,0,True,66,66,1.0,1,1,0.07703464535329443,0.0157910706507616
50,152,response_tables/trial_00152_hard_negative_structure_obs-empirical_prior-axis_edge_parallel_rel2x.npz,2.0,0,0,16,640,0.008794688919271265,5.3986385128214856e-05,0.40782974017286644,3.225278491864231e-05,130.64639752395126,1,True,79,79,1.0,1,1,0.11138430377166714,0.017572802323442428
50,152,response_tables/trial_00152_hard_negative_structure_obs-empirical_prior-axis_edge_parallel_rel2x.npz,2.0,1,0,16,640,0.009185963023432886,2.9352811117995726e-05,0.4041286053271025,1.765265715433531e-05,243.91949620621824,0,True,74,74,1.0,1,1,0.1338535700621977,0.019724551470751403
50,152,response_tables/trial_00152_hard_negative_structure_obs-empirical_prior-axis_edge_parallel_rel2x.npz,2.0,2,0,16,640,0.0070865449008344905,5.755973988542573e-05,0.39624677620916327,3.4999906928360646e-05,140.43188291247557,0,False,80,80,0.0,1,1,0.10958129603638847,0.017142041155608478
50,152,response_tables/trial_00152_hard_negative_structure_obs-empirical_prior-axis_edge_parallel_rel2x.npz,2.0,3,0,16,640,0.010844576828197616,3.2563012636914626e-05,0.4052257075465677,1.9579979392085064e-05,203.51553670908908,1,False,80,80,0.0,1,1,0.12860610926600222,0.019800947837234323
51,155,response_tables/trial_00155_hard_negative_structure_obs-empirical_prior-axis_edge_parallel_rel2x.npz,2.0,0,0,16,640,0.00043641411995731794,8.062578653672237e-05,0.3180777097422184,5.500452576066024e-05,38.6320269368565,1,False,80,80,0.0,1,1,0.10291825342277966,0.020266487169755345
51,155,response_tables/trial_00155_hard_negative_structure_obs-empirical_prior-axis_edge_parallel_rel2x.npz,2.0,1,0,16,640,0.00011438319973433586,9.895916983887087e-05,0.3100668206132875,6.828302510730116e-05,36.22631000793926,0,True,73,73,1.0,1,1,0.09877901025625939,0.02063256886454256
51,155,response_tables/trial_00155_hard_negative_structure_obs-empirical_prior-axis_edge_parallel_rel2x.npz,2.0,2,0,16,640,0.0001377503641077915,9.544047854039955e-05,0.31100168419177754,6.576738845597231e-05,37.26874660085728,1,False,80,80,0.0,1,1,0.09871002245011788,0.02158646816955355
51,155,response_tables/trial_00155_hard_negative_structure_obs-empirical_prior-axis_edge_parallel_rel2x.npz,2.0,3,0,16,640,0.009377045922749683,2.3900523456664853e-05,0.2993938398436843,1.690335752445539e-05,267.9266413459817,0,True,79,79,1.0,1,1,0.13792624682102375,0.02525588680169233
52,158,response_tables/trial_00158_hard_negative_structure_obs-empirical_prior-axis_edge_parallel_rel2x.npz,2.0,0,0,16,640,0.0037305081317831057,0.00010428581703820518,0.23009655612801283,8.059065377396763e-05,100.44841026621363,1,True,77,77,1.0,1,1,0.13088656947086041,0.021987750618564287
52,158,response_tables/trial_00158_hard_negative_structure_obs-empirical_prior-axis_edge_parallel_rel2x.npz,2.0,1,0,16,640,0.002585978348036977,7.652355414732706e-05,0.22082991625889847,5.977945246286602e-05,220.01435219465853,0,True,43,43,1.0,1,1,0.1410958519156911,0.018813697237751666
52,158,response_tables/trial_00158_hard_negative_structure_obs-empirical_prior-axis_edge_parallel_rel2x.npz,2.0,2,0,16,640,0.0022295396027488534,0.0001099880823424503,0.23093531399713407,8.477696360851991e-05,115.89177251487574,0,True,71,71,1.0,1,1,0.10941930185038128,0.022158408074519964
52,158,response_tables/trial_00158_hard_negative_structure_obs-empirical_prior-axis_edge_parallel_rel2x.npz,2.0,3,0,16,640,0.00968697083534753,5.000339783275249e-05,0.20395635943696178,4.019424735316508e-05,165.1175572628372,1,True,78,78,1.0,1,1,0.1529886583339931,0.02359079904785923
53,161,response_tables/trial_00161_hard_negative_structure_obs-empirical_prior-axis_edge_parallel_rel2x.npz,2.0,0,0,16,640,0.00039684428810959904,7.230593385920936e-05,0.2948127656765077,5.100946433791524e-05,87.0838913466063,0,True,71,71,1.0,1,1,0.11781237730431701,0.025238103592131748
53,161,response_tables/trial_00161_hard_negative_structure_obs-empirical_prior-axis_edge_parallel_rel2x.npz,2.0,1,0,16,640,0.0004736270284340094,0.00010351817048006687,0.2786992408762303,7.470311636539495e-05,93.25058241382636,0,True,59,59,1.0,1,1,0.10338516936758331,0.023061013955637602
53,161,response_tables/trial_00161_hard_negative_structure_obs-empirical_prior-axis_edge_parallel_rel2x.npz,2.0,2,0,16,640,0.0006348360533807718,8.612714114550269e-05,0.3384546183061907,5.701320650230467e-05,145.99367168202747,1,True,67,67,1.0,1,1,0.07705376442630317,0.025944648869337172
53,161,response_tables/trial_00161_hard_negative_structure_obs-empirical_prior-axis_edge_parallel_rel2x.npz,2.0,3,0,16,640,0.002481593257664394,7.107410280915304e-05,0.2911043983765651,5.0509462813105663e-05,119.00793859480929,2,True,76,76,1.0,1,1,0.11124784098313363,0.02034961114254108
54,164,response_tables/trial_00164_hard_negative_structure_obs-empirical_prior-axis_edge_parallel_rel2x.npz,2.0,0,0,16,640,0.0035093302498167,1.1216066507610707e-05,0.23271779532756176,8.636195499823099e-06,613.0936257581315,0,True,55,55,1.0,1,1,0.18161248133715413,0.023686305680222463
54,164,response_tables/trial_00164_hard_negative_structure_obs-empirical_prior-axis_edge_parallel_rel2x.npz,2.0,1,0,16,640,0.0022885024897121298,7.549836098555035e-05,0.2731175547165746,5.5004310750164245e-05,318.03400492681163,0,True,45,45,1.0,1,1,0.08210064426828659,0.01436491789397315
54,164,response_tables/trial_00164_hard_negative_structure_obs-empirical_prior-axis_edge_parallel_rel2x.npz,2.0,2,0,16,640,0.001980315460867521,7.414614551842312e-05,0.26146223551829006,5.486838526777037e-05,297.57696351616175,1,True,18,18,1.0,1,1,0.09448538393953507,0.014261673878707939
54,164,response_tables/trial_00164_hard_negative_structure_obs-empirical_prior-axis_edge_parallel_rel2x.npz,2.0,3,0,16,640,0.003498421558704834,7.850167489115979e-05,0.27658760865283283,5.6988453993821016e-05,275.76005300080516,0,True,47,47,1.0,1,1,0.08575787551821104,0.014333688384078282
55,167,response_tables/trial_00167_hard_negative_structure_obs-empirical_prior-axis_edge_parallel_rel2x.npz,2.0,0,0,16,640,0.00196145579780449,7.60450881482953e-05,0.1670572966624888,6.346568643640274e-05,81.21267897067617,1,True,70,70,1.0,1,1,0.15202825078242496,0.03062430244761294
55,167,response_tables/trial_00167_hard_negative_structure_obs-empirical_prior-axis_edge_parallel_rel2x.npz,2.0,1,0,16,640,0.00370033405842074,8.798714029709207e-05,0.1590525268534363,7.426737740828523e-05,80.67290656396206,1,True,72,72,1.0,1,1,0.15284774257855796,0.03134783357341063
55,167,response_tables/trial_00167_hard_negative_structure_obs-empirical_prior-axis_edge_parallel_rel2x.npz,2.0,2,0,16,640,0.002176263767854847,8.811505420999015e-05,0.13794634426843855,7.612557393506878e-05,87.64801921298043,2,False,80,80,0.0,1,1,0.14283727461377044,0.03942581834811194
55,167,response_tables/trial_00167_hard_negative_structure_obs-empirical_prior-axis_edge_parallel_rel2x.npz,2.0,3,0,16,640,0.0020205397815932225,8.852065184979475e-05,0.13809013542543747,7.645129593269495e-05,85.9533753470414,2,True,74,74,1.0,1,1,0.14392999241752133,0.03945113869805654
56,170,response_tables/trial_00170_hard_negative_structure_obs-empirical_prior-axis_edge_parallel_rel2x.npz,2.0,0,0,16,640,0.001992752275861931,0.00010609190654878045,0.23155791398999936,8.168827046400127e-05,75.22303155780892,1,True,75,75,1.0,1,1,0.14056682810613302,0.02352863619101909
56,170,response_tables/trial_00170_hard_negative_structure_obs-empirical_prior-axis_edge_parallel_rel2x.npz,2.0,1,0,16,640,0.003063293073431339,0.0001191109209641824,0.24012968265428847,9.078696037928099e-05,106.68122143379253,0,True,69,69,1.0,1,1,0.11525939209987825,0.022149669785946246
56,170,response_tables/trial_00170_hard_negative_structure_obs-empirical_prior-axis_edge_parallel_rel2x.npz,2.0,2,0,16,640,0.0014791254369961315,6.910256072229248e-05,0.2266402420717636,5.352030287378974e-05,211.8561256955778,0,True,64,64,1.0,1,1,0.16088023891462022,0.025135146989644457
56,170,response_tables/trial_00170_hard_negative_structure_obs-empirical_prior-axis_edge_parallel_rel2x.npz,2.0,3,0,16,640,0.0012953864699898343,0.00010038221177715056,0.23516676804080316,7.68752346035133e-05,83.39883284827333,1,True,77,77,1.0,1,1,0.1342413111445846,0.02486722027308717
57,173,response_tables/trial_00173_hard_negative_structure_obs-empirical_prior-axis_edge_parallel_rel2x.npz,2.0,0,0,16,640,0.002642006109976891,5.679756545913904e-05,0.32811057926925813,3.8262773837520715e-05,195.80406724767332,0,False,80,80,0.0,1,1,0.11690751240249483,0.021364531438428865
57,173,response_tables/trial_00173_hard_negative_structure_obs-empirical_prior-axis_edge_parallel_rel2x.npz,2.0,1,0,16,640,0.009788548666800345,9.0493976141429e-05,0.30871586099076354,6.317544631323406e-05,125.5497815658402,1,False,80,80,0.0,1,1,0.0991265027437435,0.024504467429999642
57,173,response_tables/trial_00173_hard_negative_structure_obs-empirical_prior-axis_edge_parallel_rel2x.npz,2.0,2,0,16,640,0.00612368725753476,5.7912439515887556e-05,0.3090773248949704,4.025955455338786e-05,176.8617904882646,1,False,80,80,0.0,1,1,0.0954805281030565,0.024065560529624396
57,173,response_tables/trial_00173_hard_negative_structure_obs-empirical_prior-axis_edge_parallel_rel2x.npz,2.0,3,0,16,640,0.006854562394998043,6.776562943020782e-05,0.3265391615880786,4.5952481765042833e-05,304.92805281028956,1,True,66,66,1.0,1,1,0.11319150807095336,0.018054817551879033
58,176,response_tables/trial_00176_hard_negative_structure_obs-empirical_prior-axis_edge_parallel_rel2x.npz,2.0,0,0,16,640,0.0003667635605845154,0.00011480386990288569,0.42283945366275033,6.62845750415341e-05,107.72875145102077,0,False,80,80,0.0,1,1,0.10462035700212408,0.022081878754560202
58,176,response_tables/trial_00176_hard_negative_structure_obs-empirical_prior-axis_edge_parallel_rel2x.npz,2.0,1,0,16,640,0.00018907992146777186,0.00010776476651884626,0.41200528365285805,6.337709665792392e-05,122.27537312378392,0,True,79,79,1.0,1,1,0.09602653511031939,0.021527115838281187
58,176,response_tables/trial_00176_hard_negative_structure_obs-empirical_prior-axis_edge_parallel_rel2x.npz,2.0,2,0,16,640,0.0001983708981689869,0.00010795968165308572,0.4125420000021739,6.343436219572728e-05,122.14479823192275,0,False,80,80,0.0,1,1,0.09616911884000855,0.0214024031073022
58,176,response_tables/trial_00176_hard_negative_structure_obs-empirical_prior-axis_edge_parallel_rel2x.npz,2.0,3,0,16,640,0.001356176928928976,0.0001140116534357034,0.4245517375851119,6.569690449079639e-05,103.10628915310332,0,False,80,80,0.0,1,1,0.10574415281792542,0.022575144799724646
59,179,response_tables/trial_00179_hard_negative_structure_obs-empirical_prior-axis_edge_parallel_rel2x.npz,2.0,0,0,16,640,0.00021843248041431007,0.00010748480070987033,0.20517602550182412,8.545016158911121e-05,61.81803830025588,1,True,73,73,1.0,1,1,0.11372928596587527,0.020539779788244176
59,179,response_tables/trial_00179_hard_negative_structure_obs-empirical_prior-axis_edge_parallel_rel2x.npz,2.0,1,0,16,640,0.00022347986153536947,0.00010466058050516646,0.20761624534792167,8.294988137275348e-05,63.101755850578094,1,True,74,74,1.0,1,1,0.11352126389732752,0.021355566539378985
59,179,response_tables/trial_00179_hard_negative_structure_obs-empirical_prior-axis_edge_parallel_rel2x.npz,2.0,2,0,16,640,0.00021444582451346506,0.00010477645274516779,0.204052791005214,8.34144130034632e-05,62.84817350669066,2,True,79,79,1.0,1,1,0.1129120691399142,0.020521225044759776
59,179,response_tables/trial_00179_hard_negative_structure_obs-empirical_prior-axis_edge_parallel_rel2x.npz,2.0,3,0,16,640,0.00025137501496952375,8.769623764582523e-05,0.2063150826642508,6.962068202656962e-05,75.44224174911383,2,False,80,80,0.0,1,1,0.12090874245222986,0.020578839872792784
60,182,response_tables/trial_00182_hard_negative_structure_obs-empirical_prior-axis_edge_parallel_rel2x.npz,2.0,0,0,16,640,0.00014837715497739712,0.00011816040385528501,0.4714788509485758,6.245953998682001e-05,80.0785708012545,0,False,80,80,0.0,1,1,0.08989835813564097,0.016145012258507528
60,182,response_tables/trial_00182_hard_negative_structure_obs-empirical_prior-axis_edge_parallel_rel2x.npz,2.0,1,0,16,640,0.00013766342538024112,0.00012142577996493483,0.46887888540730704,6.450067497912023e-05,77.04390344591224,0,False,80,80,0.0,1,1,0.08957007137570386,0.015435677824566089
60,182,response_tables/trial_00182_hard_negative_structure_obs-empirical_prior-axis_edge_parallel_rel2x.npz,2.0,2,0,16,640,0.00019303983184437712,9.830403807343094e-05,0.46274831649807224,5.282420712604929e-05,97.89406933631312,0,True,79,79,1.0,1,1,0.09564730534745203,0.015488762423511642
60,182,response_tables/trial_00182_hard_negative_structure_obs-empirical_prior-axis_edge_parallel_rel2x.npz,2.0,3,0,16,640,0.0011693020496265083,0.000127729898496465,0.4913553473384542,6.504518732608768e-05,102.88916018871716,0,True,78,78,1.0,1,1,0.0758433684738902,0.014222232871037062
61,185,response_tables/trial_00185_hard_negative_structure_obs-empirical_prior-axis_edge_parallel_rel2x.npz,2.0,0,0,16,640,0.0004030419650058459,0.00010804145077149318,0.21444663288979549,8.490654634229752e-05,82.83973737824559,0,True,52,52,1.0,1,1,0.1231185430512139,0.020160930739435683
61,185,response_tables/trial_00185_hard_negative_structure_obs-empirical_prior-axis_edge_parallel_rel2x.npz,2.0,1,0,16,640,0.0002085800201532262,9.663364748629979e-05,0.20983326927249935,7.63726231157919e-05,96.65746708558682,0,True,55,55,1.0,1,1,0.12496606132223334,0.022400240179697814
61,185,response_tables/trial_00185_hard_negative_structure_obs-empirical_prior-axis_edge_parallel_rel2x.npz,2.0,2,0,16,640,0.0003452927419193008,0.00010759401107152561,0.215329535343604,8.44550043617643e-05,81.38553376207278,1,True,61,61,1.0,1,1,0.12248051430478116,0.02016359980829104
61,185,response_tables/trial_00185_hard_negative_structure_obs-empirical_prior-axis_edge_parallel_rel2x.npz,2.0,3,0,16,640,0.001086366865150623,9.91619880830182e-05,0.20618328141600284,7.880205192644572e-05,106.6426823390713,1,True,78,78,1.0,1,1,0.12846422872187446,0.02593188012278546
62,188,response_tables/trial_00188_hard_negative_structure_obs-empirical_prior-axis_edge_parallel_rel2x.npz,2.0,0,0,16,640,0.0009781459687245864,8.01574590200083e-05,0.4286297947152403,4.584442635619565e-05,111.59276977032003,0,True,78,78,1.0,1,1,0.10552026191627999,0.020687381801328945
62,188,response_tables/trial_00188_hard_negative_structure_obs-empirical_prior-axis_edge_parallel_rel2x.npz,2.0,1,0,16,640,0.0006652180883008896,7.558448485917986e-05,0.4185525022246199,4.397766432980464e-05,115.75930668678002,0,True,68,68,1.0,1,1,0.1052425671650082,0.021464657997045524
62,188,response_tables/trial_00188_hard_negative_structure_obs-empirical_prior-axis_edge_parallel_rel2x.npz,2.0,2,0,16,640,0.005199193274049607,1.1810043699867134e-05,0.3436419603745692,7.792129920207123e-06,4492.928135298615,0,True,63,63,1.0,1,1,0.18779139196022113,0.052387349247472084
62,188,response_tables/trial_00188_hard_negative_structure_obs-empirical_prior-axis_edge_parallel_rel2x.npz,2.0,3,0,16,640,0.002643790598341411,6.872535352339477e-05,0.3854584506377243,4.2346540620702445e-05,404.08017749144176,0,True,41,41,1.0,1,1,0.13120200026588377,0.023465848320403482
63,191,response_tables/trial_00191_hard_negative_structure_obs-empirical_prior-axis_edge_parallel_rel2x.npz,2.0,0,0,16,640,0.0024408728281640757,0.00014960664072893073,0.3897414087792913,9.152213169292488e-05,40.42537399876115,0,True,78,78,1.0,1,1,0.08344603250254738,0.013692158785613612
63,191,response_tables/trial_00191_hard_negative_structure_obs-empirical_prior-axis_edge_parallel_rel2x.npz,2.0,1,0,16,640,0.00277123387936018,0.00014403392098579954,0.37862609243662515,8.974763198296418e-05,51.259853897510936,1,True,49,49,1.0,1,1,0.0947898995726807,0.010994286167314946
63,191,response_tables/trial_00191_hard_negative_structure_obs-empirical_prior-axis_edge_parallel_rel2x.npz,2.0,2,0,16,640,0.0035623384533738367,0.00014568973058344542,0.38167395666868775,9.04058107617517e-05,50.02607198171606,1,True,73,73,1.0,1,1,0.09339886596668813,0.01152720935162895
63,191,response_tables/trial_00191_hard_negative_structure_obs-empirical_prior-axis_edge_parallel_rel2x.npz,2.0,3,0,16,640,0.0021700086013826114,0.00014572933470778442,0.39694757069257935,8.807354967723752e-05,46.61957797797421,1,False,80,80,0.0,1,1,0.08378289930681858,0.011519169537367558
