run_slug,run_label,split_key,calibration_mode,n_eval,selected_temperature_by_split,default_mean_feature_cosine,eval_mean_feature_cosine,delta_vs_default,eval_image_accuracy,eval_mean_true_mass,eval_median_N_eff_fraction
knownstart_brownian_8_smoke64,Brownian_8,trial_id,scale_specific,64,"0.5:0.125,1.0:0.25,2.0:0.25;0.5:0.125,1.0:0.25,2.0:0.125",0.9432253448512002,0.9688127899954407,0.025587445144240446,0.828125,0.6440298041699217,0.4525251379305035
knownstart_brownian_4_smoke64,Brownian_4,trial_id,scale_specific,64,"0.5:0.125,1.0:0.25,2.0:0.25;0.5:0.125,1.0:0.25,2.0:0.125",0.9433292808360071,0.968109098530297,0.024779817694289923,0.796875,0.6363680693041984,0.4179225600992945
knownstart_brownian_2_smoke64,Brownian_2,trial_id,scale_specific,64,"0.5:0.125,1.0:0.25,2.0:0.25;0.5:0.125,1.0:0.25,2.0:0.125",0.943733217165293,0.9674060155789326,0.023672798413639548,0.796875,0.6326991006090334,0.4194706823710209
knownstart_brownian_16_smoke64,Brownian_16,trial_id,scale_specific,64,"0.5:0.25,1.0:0.25,2.0:0.25;0.5:0.125,1.0:0.25,2.0:0.125",0.9428243649696372,0.9652598087773482,0.022435443807711,0.8125,0.6240841379558677,0.38778870392226567
knownstart_ar1_smoke64,Known-start_AR1,trial_id,scale_specific,64,"0.5:0.25,1.0:0.25,2.0:0.25;0.5:0.125,1.0:0.25,2.0:0.25",0.9430011850185269,0.9646941138569276,0.021692928838400703,0.796875,0.619152274623294,0.44390826218221385
knownstart_brownian_0p5_smoke64,Brownian_0p5,trial_id,scale_specific,64,"0.5:0.25,1.0:0.25,2.0:0.125;0.5:0.125,1.0:0.5,2.0:0.125",0.9419935531263879,0.9640988561098726,0.022105302983484523,0.78125,0.614052530449291,0.412448925004268
origin_smoke64,Inferred-start,trial_id,scale_specific,64,"0.5:0.125,1.0:0.25,2.0:0.25;0.5:0.125,1.0:0.25,2.0:0.5",0.9424322285852089,0.9636736635188936,0.02124143493368476,0.796875,0.6143667181504789,0.45297954440366295
knownstart_brownian_1_smoke64,Brownian_1,trial_id,scale_specific,64,"0.5:0.25,1.0:0.5,2.0:0.25;0.5:0.125,1.0:0.25,2.0:0.125",0.9423494018529139,0.9584539773587083,0.016104575505794413,0.8125,0.6019633638140316,0.4400697585360803
knownstart_brownian_0p25_smoke64,Brownian_0p25,trial_id,scale_specific,64,"0.5:0.25,1.0:0.25,2.0:1;0.5:0.125,1.0:0.25,2.0:0.5",0.9388227779996559,0.9555404138254779,0.016717635825822093,0.71875,0.5935459083133636,0.4236187785423676
