decision_slug,decision_label,run_slug,run_label,status,scope,gate_type,n_eval,heldout_feature_cosine,delta_vs_scope_baseline,image_accuracy,mean_true_mass,median_neff_fraction,interpretation,next_action,source_csv
strict_scale_prior_promoted,Strict scale-prior,strict_scale_prior_predeclared_full,Strict_scale-prior_predeclared,promoted_strict_endpoint,full_cache,trial_split_scale_specific,768,0.9370739549944224,0.0027519203450311336,0.7083333333333334,0.6038432753280462,0.3714705555164709,Predeclared no-start scale-specific trajectory prior: AR(1) at 0.5x/1.0x and matched-Brownian scale 8 at 2.0x.,Use as promoted strict no-start feature-recovery endpoint.,declan/figure4_active_sensing_atlas/figures/panel_C/diagnostics/continuous_joint/continuous_joint_feature_calibration_audit_strict_scale_prior_predeclared_full_best.csv
strict_inferred_start_previous,Strict inferred-start,origin_inferred_full,Origin inferred-start full,superseded_strict_endpoint,full_cache,trial_split_scale_specific,768,0.9343220346493912,0.0,0.7083333333333334,0.5989976983018817,0.3714705554953653,Previous strict no-start feature-recovery endpoint.,Keep as baseline for strict endpoint improvement.,declan/figure4_active_sensing_atlas/figures/panel_C/diagnostics/continuous_joint/continuous_joint_feature_calibration_audit_knownstart_vs_inferred_full_best.csv
known_start_candidate,Known-start candidate,origin_knownstart_full,Origin known-start full,candidate_less_strict,full_cache,trial_split_scale_specific,768,0.9360749112019788,0.0017528765525876011,0.70703125,0.6028515082439668,0.3792243022263662,Improves feature recovery and trajectory correlation by adding a soft prior on the first measured eye-position sample.,"Treat as clean feature-primary candidate, with first-sample caveat.",declan/figure4_active_sensing_atlas/figures/panel_C/diagnostics/continuous_joint/continuous_joint_feature_calibration_audit_knownstart_vs_inferred_full_best.csv
known_start_brownian8_full,Known-start Brownian8,knownstart_brownian8_full,Known-start_Brownian8_full,candidate_blocked_full_cache,full_cache,trial_split_scale_specific,768,0.935973208057066,0.001651173407674733,0.69921875,0.6013914261585893,0.3900254738057775,Smoke64 lead from a heldout matched-Brownian covariance prior does not beat known-start AR(1) on the full-cache feature gate.,Keep as prior diagnostic; do not promote over known-start AR(1).,declan/figure4_active_sensing_atlas/figures/panel_C/diagnostics/continuous_joint/continuous_joint_feature_calibration_audit_knownstart_brownian8_full_best.csv
known_start_scale_prior_hybrid,Scale-prior hybrid,knownstart_scale_prior_hybrid_predeclared_full,Scale-prior_hybrid_predeclared,candidate_predeclared_feature_lead,full_cache,trial_split_scale_specific,768,0.9366662400347816,0.0023442053853903744,0.70703125,0.6043850807198177,0.3792243023120011,Combines known-start AR(1) at 0.5x/1.0x with matched-Brownian scale-8 at 2.0x; predeclared source rerun improves full-cache feature recovery without image loss.,Treat as the leading less-strict feature-primary candidate; keep strict inferred-start as the no-start endpoint.,declan/figure4_active_sensing_atlas/figures/panel_C/diagnostics/continuous_joint/continuous_joint_feature_calibration_audit_knownstart_scale_prior_hybrid_predeclared_full_best.csv
affine_x1000_diagnostic,Affine x1000,affine_x1000,Affine intercept ridge x1000,diagnostic_blocked,full_cache,trial_split_scale_specific,768,0.9373951575561652,0.003073122906773973,0.6927083333333334,0.5772287890192911,0.4712156222084388,Feature lead is intercept-dependent and image accuracy drops.,Do not promote without a principled interpretation of the intercept.,declan/figure4_active_sensing_atlas/figures/panel_C/diagnostics/continuous_joint/continuous_joint_feature_calibration_audit_affine_intercept_ablation_full_best.csv
affine_intercept0_control,Affine x1000 intercept=0,affine_x1000_intercept0,Affine x1000 intercept=0,failed_control,full_cache,trial_split_scale_specific,768,0.9183593773720612,-0.01596265727733004,0.6380208333333334,0.5412014286976848,0.4222421181759154,Zeroing the affine intercept removes the feature lead.,Use as guardrail against affine promotion.,declan/figure4_active_sensing_atlas/figures/panel_C/diagnostics/continuous_joint/continuous_joint_feature_calibration_audit_affine_intercept_ablation_full_best.csv
smoke_origin_baseline,Smoke origin,origin_smoke64,Origin scale-conditioned smoke64,smoke_baseline,smoke64,trial_split_scale_specific,64,0.9636736635188936,0.0,0.796875,0.6143667181504789,0.4529795444036629,Matched smoke baseline for centered-prior screen.,Reference only within smoke64 comparisons.,declan/figure4_active_sensing_atlas/figures/panel_C/diagnostics/continuous_joint/continuous_joint_feature_calibration_audit_prior_mean_centered_smoke64_best.csv
prior_mean_centered_screen,Prior-mean centered,prior_mean_centered_smoke64,Prior-mean centered quadratic smoke64,screened_negative,smoke64,trial_split_scale_specific,64,0.9550680389351038,-0.008605624583789773,0.75,0.6235390311828195,0.3370832056335846,More principled than a free intercept but below origin on the smoke screen.,Do not run full-cache unless a narrower subset predicts reversal.,declan/figure4_active_sensing_atlas/figures/panel_C/diagnostics/continuous_joint/continuous_joint_feature_calibration_audit_prior_mean_centered_smoke64_best.csv
