table_index,trial_id,response_cache_path,candidate_set_mode,observation_family,prior_family,observation_scale,axis_catalog_mode,n_candidates,n_prior_trajectories,n_timebins,n_units,true_candidate_index,true_source_row,true_candidate_id,observer_mode,observer_label,train_bank,test_input,fold,n_train_samples,feature_mse,feature_neg_mse,feature_rmse,feature_l2_error,feature_cosine,feature_true_norm,feature_pred_norm
12,6,response_tables/trial_00006_hard_negative_structure_obs-empirical_prior-axis_edge_parallel_rel0p5x.npz,hard_negative_structure,empirical,axis_edge_parallel,0.5,per_candidate,4,16,40,756,0,87,source_row:87,known_eye,known eye,known,observed,0,90,1.2269062213694837,-1.2269062213694837,1.1076579893493677,6.2658598040351565,0.1689984274375155,2.711714419417268,6.125516459130728
13,6,response_tables/trial_00006_hard_negative_structure_obs-empirical_prior-axis_edge_orthogonal_rel0p5x.npz,hard_negative_structure,empirical,axis_edge_orthogonal,0.5,per_candidate,4,16,40,756,0,87,source_row:87,known_eye,known eye,known,observed,0,90,1.2269062213694837,-1.2269062213694837,1.1076579893493677,6.2658598040351565,0.1689984274375155,2.711714419417268,6.125516459130728
14,7,response_tables/trial_00007_hard_negative_structure_obs-empirical_prior-axis_edge_parallel_rel1x.npz,hard_negative_structure,empirical,axis_edge_parallel,1.0,per_candidate,4,16,40,756,0,87,source_row:87,known_eye,known eye,known,observed,0,90,1.558328230520495,-1.558328230520495,1.2483301768845032,7.061621865878677,0.058726817235388334,2.711714419417268,6.68140252954017
15,7,response_tables/trial_00007_hard_negative_structure_obs-empirical_prior-axis_edge_orthogonal_rel1x.npz,hard_negative_structure,empirical,axis_edge_orthogonal,1.0,per_candidate,4,16,40,756,0,87,source_row:87,known_eye,known eye,known,observed,0,90,1.558328230520495,-1.558328230520495,1.2483301768845032,7.061621865878677,0.058726817235388334,2.711714419417268,6.68140252954017
16,8,response_tables/trial_00008_hard_negative_structure_obs-empirical_prior-axis_edge_parallel_rel2x.npz,hard_negative_structure,empirical,axis_edge_parallel,2.0,per_candidate,4,16,40,756,0,87,source_row:87,known_eye,known eye,known,observed,0,90,2.797068405092994,-2.797068405092994,1.6724438421343164,9.46077105541487,-0.08346315002743783,2.711714419417268,8.840314940646016
17,8,response_tables/trial_00008_hard_negative_structure_obs-empirical_prior-axis_edge_orthogonal_rel2x.npz,hard_negative_structure,empirical,axis_edge_orthogonal,2.0,per_candidate,4,16,40,756,0,87,source_row:87,known_eye,known eye,known,observed,0,90,2.797068405092994,-2.797068405092994,1.6724438421343164,9.46077105541487,-0.08346315002743783,2.711714419417268,8.840314940646016
18,9,response_tables/trial_00009_hard_negative_structure_obs-empirical_prior-axis_edge_parallel_rel0p5x.npz,hard_negative_structure,empirical,axis_edge_parallel,0.5,per_candidate,4,16,40,756,0,369,source_row:369,known_eye,known eye,known,observed,1,90,1.1730776151338225,-1.1730776151338225,1.0830870764319103,6.126865730884131,-0.05298838137691838,5.021976583708456,3.2537014676068217
19,9,response_tables/trial_00009_hard_negative_structure_obs-empirical_prior-axis_edge_orthogonal_rel0p5x.npz,hard_negative_structure,empirical,axis_edge_orthogonal,0.5,per_candidate,4,16,40,756,0,369,source_row:369,known_eye,known eye,known,observed,1,90,1.1730776151338225,-1.1730776151338225,1.0830870764319103,6.126865730884131,-0.05298838137691838,5.021976583708456,3.2537014676068217
20,10,response_tables/trial_00010_hard_negative_structure_obs-empirical_prior-axis_edge_parallel_rel1x.npz,hard_negative_structure,empirical,axis_edge_parallel,1.0,per_candidate,4,16,40,756,0,369,source_row:369,known_eye,known eye,known,observed,1,90,0.9635087937689397,-0.9635087937689397,0.9815848377847631,5.552682360860026,0.1265093537177177,5.021976583708456,3.088013907102593
21,10,response_tables/trial_00010_hard_negative_structure_obs-empirical_prior-axis_edge_orthogonal_rel1x.npz,hard_negative_structure,empirical,axis_edge_orthogonal,1.0,per_candidate,4,16,40,756,0,369,source_row:369,known_eye,known eye,known,observed,1,90,0.9635087937689397,-0.9635087937689397,0.9815848377847631,5.552682360860026,0.1265093537177177,5.021976583708456,3.088013907102593
22,11,response_tables/trial_00011_hard_negative_structure_obs-empirical_prior-axis_edge_parallel_rel2x.npz,hard_negative_structure,empirical,axis_edge_parallel,2.0,per_candidate,4,16,40,756,0,369,source_row:369,known_eye,known eye,known,observed,1,90,2.122154735927554,-2.122154735927554,1.456761729291223,8.240688778838923,-0.023368850295463046,5.021976583708456,6.417355304038029
23,11,response_tables/trial_00011_hard_negative_structure_obs-empirical_prior-axis_edge_orthogonal_rel2x.npz,hard_negative_structure,empirical,axis_edge_orthogonal,2.0,per_candidate,4,16,40,756,0,369,source_row:369,known_eye,known eye,known,observed,1,90,2.122154735927554,-2.122154735927554,1.456761729291223,8.240688778838923,-0.023368850295463046,5.021976583708456,6.417355304038029
0,0,response_tables/trial_00000_hard_negative_structure_obs-empirical_prior-axis_edge_parallel_rel0p5x.npz,hard_negative_structure,empirical,axis_edge_parallel,0.5,per_candidate,4,16,40,756,0,25,source_row:25,known_eye,known eye,known,observed,2,90,1.5400344574789475,-1.5400344574789475,1.240981247835336,7.020050045357676,0.5085564482496818,7.6405318580811175,6.33545547851644
1,0,response_tables/trial_00000_hard_negative_structure_obs-empirical_prior-axis_edge_orthogonal_rel0p5x.npz,hard_negative_structure,empirical,axis_edge_orthogonal,0.5,per_candidate,4,16,40,756,0,25,source_row:25,known_eye,known eye,known,observed,2,90,1.5400344574789475,-1.5400344574789475,1.240981247835336,7.020050045357676,0.5085564482496818,7.6405318580811175,6.33545547851644
2,1,response_tables/trial_00001_hard_negative_structure_obs-empirical_prior-axis_edge_parallel_rel1x.npz,hard_negative_structure,empirical,axis_edge_parallel,1.0,per_candidate,4,16,40,756,0,25,source_row:25,known_eye,known eye,known,observed,2,90,1.5960150562303088,-1.5960150562303088,1.2633348947251908,7.146501367758204,0.4084914219165186,7.6405318580811175,4.681850598520637
3,1,response_tables/trial_00001_hard_negative_structure_obs-empirical_prior-axis_edge_orthogonal_rel1x.npz,hard_negative_structure,empirical,axis_edge_orthogonal,1.0,per_candidate,4,16,40,756,0,25,source_row:25,known_eye,known eye,known,observed,2,90,1.5960150562303088,-1.5960150562303088,1.2633348947251908,7.146501367758204,0.4084914219165186,7.6405318580811175,4.681850598520637
4,2,response_tables/trial_00002_hard_negative_structure_obs-empirical_prior-axis_edge_parallel_rel2x.npz,hard_negative_structure,empirical,axis_edge_parallel,2.0,per_candidate,4,16,40,756,0,25,source_row:25,known_eye,known eye,known,observed,2,90,2.8064278319946503,-2.8064278319946503,1.67523963420003,9.4765864436425,0.2826352332697177,7.6405318580811175,8.1670897289239
5,2,response_tables/trial_00002_hard_negative_structure_obs-empirical_prior-axis_edge_orthogonal_rel2x.npz,hard_negative_structure,empirical,axis_edge_orthogonal,2.0,per_candidate,4,16,40,756,0,25,source_row:25,known_eye,known eye,known,observed,2,90,2.8064278319946503,-2.8064278319946503,1.67523963420003,9.4765864436425,0.2826352332697177,7.6405318580811175,8.1670897289239
6,3,response_tables/trial_00003_hard_negative_structure_obs-empirical_prior-axis_edge_parallel_rel0p5x.npz,hard_negative_structure,empirical,axis_edge_parallel,0.5,per_candidate,4,16,40,756,0,76,source_row:76,known_eye,known eye,known,observed,3,90,0.6162484043810115,-0.6162484043810115,0.7850149071075093,4.44071491318598,0.5695374975332127,5.130864860399802,4.312739281794958
7,3,response_tables/trial_00003_hard_negative_structure_obs-empirical_prior-axis_edge_orthogonal_rel0p5x.npz,hard_negative_structure,empirical,axis_edge_orthogonal,0.5,per_candidate,4,16,40,756,0,76,source_row:76,known_eye,known eye,known,observed,3,90,0.6162484043810115,-0.6162484043810115,0.7850149071075093,4.44071491318598,0.5695374975332127,5.130864860399802,4.312739281794958
8,4,response_tables/trial_00004_hard_negative_structure_obs-empirical_prior-axis_edge_parallel_rel1x.npz,hard_negative_structure,empirical,axis_edge_parallel,1.0,per_candidate,4,16,40,756,0,76,source_row:76,known_eye,known eye,known,observed,3,90,0.6162484043810115,-0.6162484043810115,0.7850149071075093,4.44071491318598,0.5695374975332127,5.130864860399802,4.312739281794958
9,4,response_tables/trial_00004_hard_negative_structure_obs-empirical_prior-axis_edge_orthogonal_rel1x.npz,hard_negative_structure,empirical,axis_edge_orthogonal,1.0,per_candidate,4,16,40,756,0,76,source_row:76,known_eye,known eye,known,observed,3,90,0.6162484043810115,-0.6162484043810115,0.7850149071075093,4.44071491318598,0.5695374975332127,5.130864860399802,4.312739281794958
10,5,response_tables/trial_00005_hard_negative_structure_obs-empirical_prior-axis_edge_parallel_rel2x.npz,hard_negative_structure,empirical,axis_edge_parallel,2.0,per_candidate,4,16,40,756,0,76,source_row:76,known_eye,known eye,known,observed,3,90,0.6162484043810115,-0.6162484043810115,0.7850149071075093,4.44071491318598,0.5695374975332127,5.130864860399802,4.312739281794958
11,5,response_tables/trial_00005_hard_negative_structure_obs-empirical_prior-axis_edge_orthogonal_rel2x.npz,hard_negative_structure,empirical,axis_edge_orthogonal,2.0,per_candidate,4,16,40,756,0,76,source_row:76,known_eye,known eye,known,observed,3,90,0.6162484043810115,-0.6162484043810115,0.7850149071075093,4.44071491318598,0.5695374975332127,5.130864860399802,4.312739281794958
12,6,response_tables/trial_00006_hard_negative_structure_obs-empirical_prior-axis_edge_parallel_rel0p5x.npz,hard_negative_structure,empirical,axis_edge_parallel,0.5,per_candidate,4,16,40,756,0,87,source_row:87,hidden_eye_tau_marginal,hidden eye,prior_all,observed,0,1440,1.2922625017223237,-1.2922625017223237,1.1367772436683994,6.430583181571821,-0.005877902908616828,2.711714419417268,5.81494916196194
13,6,response_tables/trial_00006_hard_negative_structure_obs-empirical_prior-axis_edge_orthogonal_rel0p5x.npz,hard_negative_structure,empirical,axis_edge_orthogonal,0.5,per_candidate,4,16,40,756,0,87,source_row:87,hidden_eye_tau_marginal,hidden eye,prior_all,observed,0,1440,1.2922625017223237,-1.2922625017223237,1.1367772436683994,6.430583181571821,-0.005877902908616828,2.711714419417268,5.81494916196194
14,7,response_tables/trial_00007_hard_negative_structure_obs-empirical_prior-axis_edge_parallel_rel1x.npz,hard_negative_structure,empirical,axis_edge_parallel,1.0,per_candidate,4,16,40,756,0,87,source_row:87,hidden_eye_tau_marginal,hidden eye,prior_all,observed,0,1440,1.4273269353481015,-1.4273269353481015,1.1947078870368695,6.758288387686579,0.06355458039410754,2.711714419417268,6.365141607213414
15,7,response_tables/trial_00007_hard_negative_structure_obs-empirical_prior-axis_edge_orthogonal_rel1x.npz,hard_negative_structure,empirical,axis_edge_orthogonal,1.0,per_candidate,4,16,40,756,0,87,source_row:87,hidden_eye_tau_marginal,hidden eye,prior_all,observed,0,1440,1.4273269353481015,-1.4273269353481015,1.1947078870368695,6.758288387686579,0.06355458039410754,2.711714419417268,6.365141607213414
16,8,response_tables/trial_00008_hard_negative_structure_obs-empirical_prior-axis_edge_parallel_rel2x.npz,hard_negative_structure,empirical,axis_edge_parallel,2.0,per_candidate,4,16,40,756,0,87,source_row:87,hidden_eye_tau_marginal,hidden eye,prior_all,observed,0,1440,2.809926229445355,-2.809926229445355,1.6762834573679224,9.48249119916551,0.1013192962593027,2.711714419417268,9.365388757447402
17,8,response_tables/trial_00008_hard_negative_structure_obs-empirical_prior-axis_edge_orthogonal_rel2x.npz,hard_negative_structure,empirical,axis_edge_orthogonal,2.0,per_candidate,4,16,40,756,0,87,source_row:87,hidden_eye_tau_marginal,hidden eye,prior_all,observed,0,1440,2.809926229445355,-2.809926229445355,1.6762834573679224,9.48249119916551,0.1013192962593027,2.711714419417268,9.365388757447402
18,9,response_tables/trial_00009_hard_negative_structure_obs-empirical_prior-axis_edge_parallel_rel0p5x.npz,hard_negative_structure,empirical,axis_edge_parallel,0.5,per_candidate,4,16,40,756,0,369,source_row:369,hidden_eye_tau_marginal,hidden eye,prior_all,observed,1,1440,1.276584258124799,-1.276584258124799,1.12986028256807,6.391454940777848,0.03982860860545922,5.021976583708456,4.158610866033714
19,9,response_tables/trial_00009_hard_negative_structure_obs-empirical_prior-axis_edge_orthogonal_rel0p5x.npz,hard_negative_structure,empirical,axis_edge_orthogonal,0.5,per_candidate,4,16,40,756,0,369,source_row:369,hidden_eye_tau_marginal,hidden eye,prior_all,observed,1,1440,1.276584258124799,-1.276584258124799,1.12986028256807,6.391454940777848,0.03982860860545922,5.021976583708456,4.158610866033714
20,10,response_tables/trial_00010_hard_negative_structure_obs-empirical_prior-axis_edge_parallel_rel1x.npz,hard_negative_structure,empirical,axis_edge_parallel,1.0,per_candidate,4,16,40,756,0,369,source_row:369,hidden_eye_tau_marginal,hidden eye,prior_all,observed,1,1440,0.9823277223556591,-0.9823277223556591,0.9911244736942273,5.606646690793089,0.05188386439191147,5.021976583708456,2.7669772323700905
21,10,response_tables/trial_00010_hard_negative_structure_obs-empirical_prior-axis_edge_orthogonal_rel1x.npz,hard_negative_structure,empirical,axis_edge_orthogonal,1.0,per_candidate,4,16,40,756,0,369,source_row:369,hidden_eye_tau_marginal,hidden eye,prior_all,observed,1,1440,0.9823277223556591,-0.9823277223556591,0.9911244736942273,5.606646690793089,0.05188386439191147,5.021976583708456,2.7669772323700905
22,11,response_tables/trial_00011_hard_negative_structure_obs-empirical_prior-axis_edge_parallel_rel2x.npz,hard_negative_structure,empirical,axis_edge_parallel,2.0,per_candidate,4,16,40,756,0,369,source_row:369,hidden_eye_tau_marginal,hidden eye,prior_all,observed,1,1440,2.046164632079502,-2.046164632079502,1.4304421107054637,8.091802532597052,-0.1288242253264091,5.021976583708456,5.730787687720708
23,11,response_tables/trial_00011_hard_negative_structure_obs-empirical_prior-axis_edge_orthogonal_rel2x.npz,hard_negative_structure,empirical,axis_edge_orthogonal,2.0,per_candidate,4,16,40,756,0,369,source_row:369,hidden_eye_tau_marginal,hidden eye,prior_all,observed,1,1440,2.046164632079502,-2.046164632079502,1.4304421107054637,8.091802532597052,-0.1288242253264091,5.021976583708456,5.730787687720708
0,0,response_tables/trial_00000_hard_negative_structure_obs-empirical_prior-axis_edge_parallel_rel0p5x.npz,hard_negative_structure,empirical,axis_edge_parallel,0.5,per_candidate,4,16,40,756,0,25,source_row:25,hidden_eye_tau_marginal,hidden eye,prior_all,observed,2,1440,2.7680057877917044,-2.7680057877917044,1.6637324868474812,9.4114921882417,0.1324327910494688,7.6405318580811175,6.599549921337603
1,0,response_tables/trial_00000_hard_negative_structure_obs-empirical_prior-axis_edge_orthogonal_rel0p5x.npz,hard_negative_structure,empirical,axis_edge_orthogonal,0.5,per_candidate,4,16,40,756,0,25,source_row:25,hidden_eye_tau_marginal,hidden eye,prior_all,observed,2,1440,2.7680057877917044,-2.7680057877917044,1.6637324868474812,9.4114921882417,0.1324327910494688,7.6405318580811175,6.599549921337603
2,1,response_tables/trial_00001_hard_negative_structure_obs-empirical_prior-axis_edge_parallel_rel1x.npz,hard_negative_structure,empirical,axis_edge_parallel,1.0,per_candidate,4,16,40,756,0,25,source_row:25,hidden_eye_tau_marginal,hidden eye,prior_all,observed,2,1440,2.073792653077934,-2.073792653077934,1.4400668918761843,8.146248516863077,0.19949907476412063,7.6405318580811175,4.734740748503625
3,1,response_tables/trial_00001_hard_negative_structure_obs-empirical_prior-axis_edge_orthogonal_rel1x.npz,hard_negative_structure,empirical,axis_edge_orthogonal,1.0,per_candidate,4,16,40,756,0,25,source_row:25,hidden_eye_tau_marginal,hidden eye,prior_all,observed,2,1440,2.073792653077934,-2.073792653077934,1.4400668918761843,8.146248516863077,0.19949907476412063,7.6405318580811175,4.734740748503625
4,2,response_tables/trial_00002_hard_negative_structure_obs-empirical_prior-axis_edge_parallel_rel2x.npz,hard_negative_structure,empirical,axis_edge_parallel,2.0,per_candidate,4,16,40,756,0,25,source_row:25,hidden_eye_tau_marginal,hidden eye,prior_all,observed,2,1440,2.1862614336288746,-2.1862614336288746,1.4786011746339425,8.364231338032443,0.3755917582567105,7.6405318580811175,7.321454865794065
5,2,response_tables/trial_00002_hard_negative_structure_obs-empirical_prior-axis_edge_orthogonal_rel2x.npz,hard_negative_structure,empirical,axis_edge_orthogonal,2.0,per_candidate,4,16,40,756,0,25,source_row:25,hidden_eye_tau_marginal,hidden eye,prior_all,observed,2,1440,2.1862614336288746,-2.1862614336288746,1.4786011746339425,8.364231338032443,0.3755917582567105,7.6405318580811175,7.321454865794065
6,3,response_tables/trial_00003_hard_negative_structure_obs-empirical_prior-axis_edge_parallel_rel0p5x.npz,hard_negative_structure,empirical,axis_edge_parallel,0.5,per_candidate,4,16,40,756,0,76,source_row:76,hidden_eye_tau_marginal,hidden eye,prior_all,observed,3,1440,2.3750871184951032,-2.3750871184951032,1.5411317654552135,8.717957776443019,-0.014826219588789682,5.130864860399802,6.972531399332013
7,3,response_tables/trial_00003_hard_negative_structure_obs-empirical_prior-axis_edge_orthogonal_rel0p5x.npz,hard_negative_structure,empirical,axis_edge_orthogonal,0.5,per_candidate,4,16,40,756,0,76,source_row:76,hidden_eye_tau_marginal,hidden eye,prior_all,observed,3,1440,2.3750871184951032,-2.3750871184951032,1.5411317654552135,8.717957776443019,-0.014826219588789682,5.130864860399802,6.972531399332013
8,4,response_tables/trial_00004_hard_negative_structure_obs-empirical_prior-axis_edge_parallel_rel1x.npz,hard_negative_structure,empirical,axis_edge_parallel,1.0,per_candidate,4,16,40,756,0,76,source_row:76,hidden_eye_tau_marginal,hidden eye,prior_all,observed,3,1440,2.3750871184951032,-2.3750871184951032,1.5411317654552135,8.717957776443019,-0.014826219588789682,5.130864860399802,6.972531399332013
9,4,response_tables/trial_00004_hard_negative_structure_obs-empirical_prior-axis_edge_orthogonal_rel1x.npz,hard_negative_structure,empirical,axis_edge_orthogonal,1.0,per_candidate,4,16,40,756,0,76,source_row:76,hidden_eye_tau_marginal,hidden eye,prior_all,observed,3,1440,2.3750871184951032,-2.3750871184951032,1.5411317654552135,8.717957776443019,-0.014826219588789682,5.130864860399802,6.972531399332013
10,5,response_tables/trial_00005_hard_negative_structure_obs-empirical_prior-axis_edge_parallel_rel2x.npz,hard_negative_structure,empirical,axis_edge_parallel,2.0,per_candidate,4,16,40,756,0,76,source_row:76,hidden_eye_tau_marginal,hidden eye,prior_all,observed,3,1440,2.3750871184951032,-2.3750871184951032,1.5411317654552135,8.717957776443019,-0.014826219588789682,5.130864860399802,6.972531399332013
11,5,response_tables/trial_00005_hard_negative_structure_obs-empirical_prior-axis_edge_orthogonal_rel2x.npz,hard_negative_structure,empirical,axis_edge_orthogonal,2.0,per_candidate,4,16,40,756,0,76,source_row:76,hidden_eye_tau_marginal,hidden eye,prior_all,observed,3,1440,2.3750871184951032,-2.3750871184951032,1.5411317654552135,8.717957776443019,-0.014826219588789682,5.130864860399802,6.972531399332013
12,6,response_tables/trial_00006_hard_negative_structure_obs-empirical_prior-axis_edge_parallel_rel0p5x.npz,hard_negative_structure,empirical,axis_edge_parallel,0.5,per_candidate,4,16,40,756,0,87,source_row:87,hidden_eye_prior_mean,prior mean,prior_mean,observed,0,90,1.9092351267118333,-1.9092351267118333,1.38175074695541,7.816362584653981,0.008431669492046623,2.711714419417268,7.353802264582794
13,6,response_tables/trial_00006_hard_negative_structure_obs-empirical_prior-axis_edge_orthogonal_rel0p5x.npz,hard_negative_structure,empirical,axis_edge_orthogonal,0.5,per_candidate,4,16,40,756,0,87,source_row:87,hidden_eye_prior_mean,prior mean,prior_mean,observed,0,90,1.9092351267118333,-1.9092351267118333,1.38175074695541,7.816362584653981,0.008431669492046623,2.711714419417268,7.353802264582794
14,7,response_tables/trial_00007_hard_negative_structure_obs-empirical_prior-axis_edge_parallel_rel1x.npz,hard_negative_structure,empirical,axis_edge_parallel,1.0,per_candidate,4,16,40,756,0,87,source_row:87,hidden_eye_prior_mean,prior mean,prior_mean,observed,0,90,2.1092679248958026,-2.1092679248958026,1.4523318921292758,8.215629835664803,0.14831332448513063,2.711714419417268,8.16780827340734
15,7,response_tables/trial_00007_hard_negative_structure_obs-empirical_prior-axis_edge_orthogonal_rel1x.npz,hard_negative_structure,empirical,axis_edge_orthogonal,1.0,per_candidate,4,16,40,756,0,87,source_row:87,hidden_eye_prior_mean,prior mean,prior_mean,observed,0,90,2.1092679248958026,-2.1092679248958026,1.4523318921292758,8.215629835664803,0.14831332448513063,2.711714419417268,8.16780827340734
16,8,response_tables/trial_00008_hard_negative_structure_obs-empirical_prior-axis_edge_parallel_rel2x.npz,hard_negative_structure,empirical,axis_edge_parallel,2.0,per_candidate,4,16,40,756,0,87,source_row:87,hidden_eye_prior_mean,prior mean,prior_mean,observed,0,90,4.938852156888718,-4.938852156888718,2.2223528425721955,12.571526121375996,0.21363157266873053,2.711714419417268,12.868549919355786
17,8,response_tables/trial_00008_hard_negative_structure_obs-empirical_prior-axis_edge_orthogonal_rel2x.npz,hard_negative_structure,empirical,axis_edge_orthogonal,2.0,per_candidate,4,16,40,756,0,87,source_row:87,hidden_eye_prior_mean,prior mean,prior_mean,observed,0,90,4.938852156888718,-4.938852156888718,2.2223528425721955,12.571526121375996,0.21363157266873053,2.711714419417268,12.868549919355786
18,9,response_tables/trial_00009_hard_negative_structure_obs-empirical_prior-axis_edge_parallel_rel0p5x.npz,hard_negative_structure,empirical,axis_edge_parallel,0.5,per_candidate,4,16,40,756,0,369,source_row:369,hidden_eye_prior_mean,prior mean,prior_mean,observed,1,90,1.5341938553758805,-1.5341938553758805,1.2386257931174696,7.006725581327427,0.11654437964707952,5.021976583708456,5.506310571320162
19,9,response_tables/trial_00009_hard_negative_structure_obs-empirical_prior-axis_edge_orthogonal_rel0p5x.npz,hard_negative_structure,empirical,axis_edge_orthogonal,0.5,per_candidate,4,16,40,756,0,369,source_row:369,hidden_eye_prior_mean,prior mean,prior_mean,observed,1,90,1.5341938553758805,-1.5341938553758805,1.2386257931174696,7.006725581327427,0.11654437964707952,5.021976583708456,5.506310571320162
20,10,response_tables/trial_00010_hard_negative_structure_obs-empirical_prior-axis_edge_parallel_rel1x.npz,hard_negative_structure,empirical,axis_edge_parallel,1.0,per_candidate,4,16,40,756,0,369,source_row:369,hidden_eye_prior_mean,prior mean,prior_mean,observed,1,90,1.330386118040381,-1.330386118040381,1.1534236507200557,6.524749480040762,0.09520399119157759,5.021976583708456,4.671046540132444
21,10,response_tables/trial_00010_hard_negative_structure_obs-empirical_prior-axis_edge_orthogonal_rel1x.npz,hard_negative_structure,empirical,axis_edge_orthogonal,1.0,per_candidate,4,16,40,756,0,369,source_row:369,hidden_eye_prior_mean,prior mean,prior_mean,observed,1,90,1.330386118040381,-1.330386118040381,1.1534236507200557,6.524749480040762,0.09520399119157759,5.021976583708456,4.671046540132444
22,11,response_tables/trial_00011_hard_negative_structure_obs-empirical_prior-axis_edge_parallel_rel2x.npz,hard_negative_structure,empirical,axis_edge_parallel,2.0,per_candidate,4,16,40,756,0,369,source_row:369,hidden_eye_prior_mean,prior mean,prior_mean,observed,1,90,4.448930740147796,-4.448930740147796,2.1092488568558703,11.931713359142076,-0.13484520858039012,5.021976583708456,10.167353870042184
23,11,response_tables/trial_00011_hard_negative_structure_obs-empirical_prior-axis_edge_orthogonal_rel2x.npz,hard_negative_structure,empirical,axis_edge_orthogonal,2.0,per_candidate,4,16,40,756,0,369,source_row:369,hidden_eye_prior_mean,prior mean,prior_mean,observed,1,90,4.448930740147796,-4.448930740147796,2.1092488568558703,11.931713359142076,-0.13484520858039012,5.021976583708456,10.167353870042184
0,0,response_tables/trial_00000_hard_negative_structure_obs-empirical_prior-axis_edge_parallel_rel0p5x.npz,hard_negative_structure,empirical,axis_edge_parallel,0.5,per_candidate,4,16,40,756,0,25,source_row:25,hidden_eye_prior_mean,prior mean,prior_mean,observed,2,90,3.079426773326321,-3.079426773326321,1.754829556773626,9.926815035369717,0.18363920103871803,7.6405318580811175,7.8940658518535285
1,0,response_tables/trial_00000_hard_negative_structure_obs-empirical_prior-axis_edge_orthogonal_rel0p5x.npz,hard_negative_structure,empirical,axis_edge_orthogonal,0.5,per_candidate,4,16,40,756,0,25,source_row:25,hidden_eye_prior_mean,prior mean,prior_mean,observed,2,90,3.079426773326321,-3.079426773326321,1.754829556773626,9.926815035369717,0.18363920103871803,7.6405318580811175,7.8940658518535285
2,1,response_tables/trial_00001_hard_negative_structure_obs-empirical_prior-axis_edge_parallel_rel1x.npz,hard_negative_structure,empirical,axis_edge_parallel,1.0,per_candidate,4,16,40,756,0,25,source_row:25,hidden_eye_prior_mean,prior mean,prior_mean,observed,2,90,2.3000411092888986,-2.3000411092888986,1.5165886420809365,8.579120904687425,0.21857690409395927,7.6405318580811175,5.914173240415397
3,1,response_tables/trial_00001_hard_negative_structure_obs-empirical_prior-axis_edge_orthogonal_rel1x.npz,hard_negative_structure,empirical,axis_edge_orthogonal,1.0,per_candidate,4,16,40,756,0,25,source_row:25,hidden_eye_prior_mean,prior mean,prior_mean,observed,2,90,2.3000411092888986,-2.3000411092888986,1.5165886420809365,8.579120904687425,0.21857690409395927,7.6405318580811175,5.914173240415397
4,2,response_tables/trial_00002_hard_negative_structure_obs-empirical_prior-axis_edge_parallel_rel2x.npz,hard_negative_structure,empirical,axis_edge_parallel,2.0,per_candidate,4,16,40,756,0,25,source_row:25,hidden_eye_prior_mean,prior mean,prior_mean,observed,2,90,3.010674738410657,-3.010674738410657,1.7351296027705414,9.815375266852563,0.4327616579495618,7.6405318580811175,10.299168230887274
5,2,response_tables/trial_00002_hard_negative_structure_obs-empirical_prior-axis_edge_orthogonal_rel2x.npz,hard_negative_structure,empirical,axis_edge_orthogonal,2.0,per_candidate,4,16,40,756,0,25,source_row:25,hidden_eye_prior_mean,prior mean,prior_mean,observed,2,90,3.010674738410657,-3.010674738410657,1.7351296027705414,9.815375266852563,0.4327616579495618,7.6405318580811175,10.299168230887274
6,3,response_tables/trial_00003_hard_negative_structure_obs-empirical_prior-axis_edge_parallel_rel0p5x.npz,hard_negative_structure,empirical,axis_edge_parallel,0.5,per_candidate,4,16,40,756,0,76,source_row:76,hidden_eye_prior_mean,prior mean,prior_mean,observed,3,90,5.254435776916649,-5.254435776916649,2.2922556089835724,12.966955882601466,-0.04497809261093493,5.130864860399802,11.680118852211928
7,3,response_tables/trial_00003_hard_negative_structure_obs-empirical_prior-axis_edge_orthogonal_rel0p5x.npz,hard_negative_structure,empirical,axis_edge_orthogonal,0.5,per_candidate,4,16,40,756,0,76,source_row:76,hidden_eye_prior_mean,prior mean,prior_mean,observed,3,90,5.254435776916649,-5.254435776916649,2.2922556089835724,12.966955882601466,-0.04497809261093493,5.130864860399802,11.680118852211928
8,4,response_tables/trial_00004_hard_negative_structure_obs-empirical_prior-axis_edge_parallel_rel1x.npz,hard_negative_structure,empirical,axis_edge_parallel,1.0,per_candidate,4,16,40,756,0,76,source_row:76,hidden_eye_prior_mean,prior mean,prior_mean,observed,3,90,5.254435776916649,-5.254435776916649,2.2922556089835724,12.966955882601466,-0.04497809261093493,5.130864860399802,11.680118852211928
9,4,response_tables/trial_00004_hard_negative_structure_obs-empirical_prior-axis_edge_orthogonal_rel1x.npz,hard_negative_structure,empirical,axis_edge_orthogonal,1.0,per_candidate,4,16,40,756,0,76,source_row:76,hidden_eye_prior_mean,prior mean,prior_mean,observed,3,90,5.254435776916649,-5.254435776916649,2.2922556089835724,12.966955882601466,-0.04497809261093493,5.130864860399802,11.680118852211928
10,5,response_tables/trial_00005_hard_negative_structure_obs-empirical_prior-axis_edge_parallel_rel2x.npz,hard_negative_structure,empirical,axis_edge_parallel,2.0,per_candidate,4,16,40,756,0,76,source_row:76,hidden_eye_prior_mean,prior mean,prior_mean,observed,3,90,5.254435776916649,-5.254435776916649,2.2922556089835724,12.966955882601466,-0.04497809261093493,5.130864860399802,11.680118852211928
11,5,response_tables/trial_00005_hard_negative_structure_obs-empirical_prior-axis_edge_orthogonal_rel2x.npz,hard_negative_structure,empirical,axis_edge_orthogonal,2.0,per_candidate,4,16,40,756,0,76,source_row:76,hidden_eye_prior_mean,prior mean,prior_mean,observed,3,90,5.254435776916649,-5.254435776916649,2.2922556089835724,12.966955882601466,-0.04497809261093493,5.130864860399802,11.680118852211928
12,6,response_tables/trial_00006_hard_negative_structure_obs-empirical_prior-axis_edge_parallel_rel0p5x.npz,hard_negative_structure,empirical,axis_edge_parallel,0.5,per_candidate,4,16,40,756,0,87,source_row:87,zero_eye_on_motion,zero-eye model,zero,observed,0,90,12.669672424538168,-12.669672424538168,3.5594483314887673,20.135280419830792,0.22709664915412262,2.711714419417268,20.577167863857625
13,6,response_tables/trial_00006_hard_negative_structure_obs-empirical_prior-axis_edge_orthogonal_rel0p5x.npz,hard_negative_structure,empirical,axis_edge_orthogonal,0.5,per_candidate,4,16,40,756,0,87,source_row:87,zero_eye_on_motion,zero-eye model,zero,observed,0,90,12.669672424538168,-12.669672424538168,3.5594483314887673,20.135280419830792,0.22709664915412262,2.711714419417268,20.577167863857625
14,7,response_tables/trial_00007_hard_negative_structure_obs-empirical_prior-axis_edge_parallel_rel1x.npz,hard_negative_structure,empirical,axis_edge_parallel,1.0,per_candidate,4,16,40,756,0,87,source_row:87,zero_eye_on_motion,zero-eye model,zero,observed,0,90,48.15457224216759,-48.15457224216759,6.939349554689373,39.25488901715763,0.2579372433491021,2.711714419417268,39.866812915523795
15,7,response_tables/trial_00007_hard_negative_structure_obs-empirical_prior-axis_edge_orthogonal_rel1x.npz,hard_negative_structure,empirical,axis_edge_orthogonal,1.0,per_candidate,4,16,40,756,0,87,source_row:87,zero_eye_on_motion,zero-eye model,zero,observed,0,90,48.15457224216759,-48.15457224216759,6.939349554689373,39.25488901715763,0.2579372433491021,2.711714419417268,39.866812915523795
16,8,response_tables/trial_00008_hard_negative_structure_obs-empirical_prior-axis_edge_parallel_rel2x.npz,hard_negative_structure,empirical,axis_edge_parallel,2.0,per_candidate,4,16,40,756,0,87,source_row:87,zero_eye_on_motion,zero-eye model,zero,observed,0,90,160.6521596066628,-160.6521596066628,12.674863297356023,71.69985430538343,0.2490155075455187,2.711714419417268,72.32699783944356
17,8,response_tables/trial_00008_hard_negative_structure_obs-empirical_prior-axis_edge_orthogonal_rel2x.npz,hard_negative_structure,empirical,axis_edge_orthogonal,2.0,per_candidate,4,16,40,756,0,87,source_row:87,zero_eye_on_motion,zero-eye model,zero,observed,0,90,160.6521596066628,-160.6521596066628,12.674863297356023,71.69985430538343,0.2490155075455187,2.711714419417268,72.32699783944356
18,9,response_tables/trial_00009_hard_negative_structure_obs-empirical_prior-axis_edge_parallel_rel0p5x.npz,hard_negative_structure,empirical,axis_edge_parallel,0.5,per_candidate,4,16,40,756,0,369,source_row:369,zero_eye_on_motion,zero-eye model,zero,observed,1,90,8.610541369625405,-8.610541369625405,2.9343723979115883,16.599316968719315,0.21962031451537067,5.021976583708456,16.96273656755386
19,9,response_tables/trial_00009_hard_negative_structure_obs-empirical_prior-axis_edge_orthogonal_rel0p5x.npz,hard_negative_structure,empirical,axis_edge_orthogonal,0.5,per_candidate,4,16,40,756,0,369,source_row:369,zero_eye_on_motion,zero-eye model,zero,observed,1,90,8.610541369625405,-8.610541369625405,2.9343723979115883,16.599316968719315,0.21962031451537067,5.021976583708456,16.96273656755386
20,10,response_tables/trial_00010_hard_negative_structure_obs-empirical_prior-axis_edge_parallel_rel1x.npz,hard_negative_structure,empirical,axis_edge_parallel,1.0,per_candidate,4,16,40,756,0,369,source_row:369,zero_eye_on_motion,zero-eye model,zero,observed,1,90,46.483304851838675,-46.483304851838675,6.817866590938743,38.56767759742395,0.17796554252980548,5.021976583708456,39.14350055741816
21,10,response_tables/trial_00010_hard_negative_structure_obs-empirical_prior-axis_edge_orthogonal_rel1x.npz,hard_negative_structure,empirical,axis_edge_orthogonal,1.0,per_candidate,4,16,40,756,0,369,source_row:369,zero_eye_on_motion,zero-eye model,zero,observed,1,90,46.483304851838675,-46.483304851838675,6.817866590938743,38.56767759742395,0.17796554252980548,5.021976583708456,39.14350055741816
22,11,response_tables/trial_00011_hard_negative_structure_obs-empirical_prior-axis_edge_parallel_rel2x.npz,hard_negative_structure,empirical,axis_edge_parallel,2.0,per_candidate,4,16,40,756,0,369,source_row:369,zero_eye_on_motion,zero-eye model,zero,observed,1,90,201.0683180584612,-201.0683180584612,14.179856066211011,80.21337904533605,0.06899290157196054,5.021976583708456,80.4032479576772
23,11,response_tables/trial_00011_hard_negative_structure_obs-empirical_prior-axis_edge_orthogonal_rel2x.npz,hard_negative_structure,empirical,axis_edge_orthogonal,2.0,per_candidate,4,16,40,756,0,369,source_row:369,zero_eye_on_motion,zero-eye model,zero,observed,1,90,201.0683180584612,-201.0683180584612,14.179856066211011,80.21337904533605,0.06899290157196054,5.021976583708456,80.4032479576772
0,0,response_tables/trial_00000_hard_negative_structure_obs-empirical_prior-axis_edge_parallel_rel0p5x.npz,hard_negative_structure,empirical,axis_edge_parallel,0.5,per_candidate,4,16,40,756,0,25,source_row:25,zero_eye_on_motion,zero-eye model,zero,observed,2,90,6.742606327633892,-6.742606327633892,2.5966529085794066,14.688887040354166,0.3978791631082618,7.6405318580811175,15.948429185070742
1,0,response_tables/trial_00000_hard_negative_structure_obs-empirical_prior-axis_edge_orthogonal_rel0p5x.npz,hard_negative_structure,empirical,axis_edge_orthogonal,0.5,per_candidate,4,16,40,756,0,25,source_row:25,zero_eye_on_motion,zero-eye model,zero,observed,2,90,6.742606327633892,-6.742606327633892,2.5966529085794066,14.688887040354166,0.3978791631082618,7.6405318580811175,15.948429185070742
2,1,response_tables/trial_00001_hard_negative_structure_obs-empirical_prior-axis_edge_parallel_rel1x.npz,hard_negative_structure,empirical,axis_edge_parallel,1.0,per_candidate,4,16,40,756,0,25,source_row:25,zero_eye_on_motion,zero-eye model,zero,observed,2,90,38.94310584061783,-38.94310584061783,6.240441157531881,35.30126608069137,0.33252680873344653,7.6405318580811175,37.09870134132359
3,1,response_tables/trial_00001_hard_negative_structure_obs-empirical_prior-axis_edge_orthogonal_rel1x.npz,hard_negative_structure,empirical,axis_edge_orthogonal,1.0,per_candidate,4,16,40,756,0,25,source_row:25,zero_eye_on_motion,zero-eye model,zero,observed,2,90,38.94310584061783,-38.94310584061783,6.240441157531881,35.30126608069137,0.33252680873344653,7.6405318580811175,37.09870134132359
4,2,response_tables/trial_00002_hard_negative_structure_obs-empirical_prior-axis_edge_parallel_rel2x.npz,hard_negative_structure,empirical,axis_edge_parallel,2.0,per_candidate,4,16,40,756,0,25,source_row:25,zero_eye_on_motion,zero-eye model,zero,observed,2,90,162.83165107476805,-162.83165107476805,12.760550578825667,72.18457476769241,0.30379511706252416,7.6405318580811175,74.13774818151036
5,2,response_tables/trial_00002_hard_negative_structure_obs-empirical_prior-axis_edge_orthogonal_rel2x.npz,hard_negative_structure,empirical,axis_edge_orthogonal,2.0,per_candidate,4,16,40,756,0,25,source_row:25,zero_eye_on_motion,zero-eye model,zero,observed,2,90,162.83165107476805,-162.83165107476805,12.760550578825667,72.18457476769241,0.30379511706252416,7.6405318580811175,74.13774818151036
6,3,response_tables/trial_00003_hard_negative_structure_obs-empirical_prior-axis_edge_parallel_rel0p5x.npz,hard_negative_structure,empirical,axis_edge_parallel,0.5,per_candidate,4,16,40,756,0,76,source_row:76,zero_eye_on_motion,zero-eye model,zero,observed,3,90,129.06517154991056,-129.06517154991056,11.36068534684024,64.26574118141903,-0.24602837954690795,5.130864860399802,62.81069194606766
7,3,response_tables/trial_00003_hard_negative_structure_obs-empirical_prior-axis_edge_orthogonal_rel0p5x.npz,hard_negative_structure,empirical,axis_edge_orthogonal,0.5,per_candidate,4,16,40,756,0,76,source_row:76,zero_eye_on_motion,zero-eye model,zero,observed,3,90,129.06517154991056,-129.06517154991056,11.36068534684024,64.26574118141903,-0.24602837954690795,5.130864860399802,62.81069194606766
8,4,response_tables/trial_00004_hard_negative_structure_obs-empirical_prior-axis_edge_parallel_rel1x.npz,hard_negative_structure,empirical,axis_edge_parallel,1.0,per_candidate,4,16,40,756,0,76,source_row:76,zero_eye_on_motion,zero-eye model,zero,observed,3,90,129.06517154991056,-129.06517154991056,11.36068534684024,64.26574118141903,-0.24602837954690795,5.130864860399802,62.81069194606766
9,4,response_tables/trial_00004_hard_negative_structure_obs-empirical_prior-axis_edge_orthogonal_rel1x.npz,hard_negative_structure,empirical,axis_edge_orthogonal,1.0,per_candidate,4,16,40,756,0,76,source_row:76,zero_eye_on_motion,zero-eye model,zero,observed,3,90,129.06517154991056,-129.06517154991056,11.36068534684024,64.26574118141903,-0.24602837954690795,5.130864860399802,62.81069194606766
10,5,response_tables/trial_00005_hard_negative_structure_obs-empirical_prior-axis_edge_parallel_rel2x.npz,hard_negative_structure,empirical,axis_edge_parallel,2.0,per_candidate,4,16,40,756,0,76,source_row:76,zero_eye_on_motion,zero-eye model,zero,observed,3,90,129.06517154991056,-129.06517154991056,11.36068534684024,64.26574118141903,-0.24602837954690795,5.130864860399802,62.81069194606766
11,5,response_tables/trial_00005_hard_negative_structure_obs-empirical_prior-axis_edge_orthogonal_rel2x.npz,hard_negative_structure,empirical,axis_edge_orthogonal,2.0,per_candidate,4,16,40,756,0,76,source_row:76,zero_eye_on_motion,zero-eye model,zero,observed,3,90,129.06517154991056,-129.06517154991056,11.36068534684024,64.26574118141903,-0.24602837954690795,5.130864860399802,62.81069194606766
12,6,response_tables/trial_00006_hard_negative_structure_obs-empirical_prior-axis_edge_parallel_rel0p5x.npz,hard_negative_structure,empirical,axis_edge_parallel,0.5,per_candidate,4,16,40,756,0,87,source_row:87,zero_static,0x stabilized,zero,zero_static,0,90,5.550409607391918,-5.550409607391918,2.3559307306013726,13.327156764912063,0.1658655322619837,2.711714419417268,13.505890186076044
13,6,response_tables/trial_00006_hard_negative_structure_obs-empirical_prior-axis_edge_orthogonal_rel0p5x.npz,hard_negative_structure,empirical,axis_edge_orthogonal,0.5,per_candidate,4,16,40,756,0,87,source_row:87,zero_static,0x stabilized,zero,zero_static,0,90,5.550409607391918,-5.550409607391918,2.3559307306013726,13.327156764912063,0.1658655322619837,2.711714419417268,13.505890186076044
14,7,response_tables/trial_00007_hard_negative_structure_obs-empirical_prior-axis_edge_parallel_rel1x.npz,hard_negative_structure,empirical,axis_edge_parallel,1.0,per_candidate,4,16,40,756,0,87,source_row:87,zero_static,0x stabilized,zero,zero_static,0,90,5.550409607391918,-5.550409607391918,2.3559307306013726,13.327156764912063,0.1658655322619837,2.711714419417268,13.505890186076044
15,7,response_tables/trial_00007_hard_negative_structure_obs-empirical_prior-axis_edge_orthogonal_rel1x.npz,hard_negative_structure,empirical,axis_edge_orthogonal,1.0,per_candidate,4,16,40,756,0,87,source_row:87,zero_static,0x stabilized,zero,zero_static,0,90,5.550409607391918,-5.550409607391918,2.3559307306013726,13.327156764912063,0.1658655322619837,2.711714419417268,13.505890186076044
16,8,response_tables/trial_00008_hard_negative_structure_obs-empirical_prior-axis_edge_parallel_rel2x.npz,hard_negative_structure,empirical,axis_edge_parallel,2.0,per_candidate,4,16,40,756,0,87,source_row:87,zero_static,0x stabilized,zero,zero_static,0,90,5.550409607391918,-5.550409607391918,2.3559307306013726,13.327156764912063,0.1658655322619837,2.711714419417268,13.505890186076044
17,8,response_tables/trial_00008_hard_negative_structure_obs-empirical_prior-axis_edge_orthogonal_rel2x.npz,hard_negative_structure,empirical,axis_edge_orthogonal,2.0,per_candidate,4,16,40,756,0,87,source_row:87,zero_static,0x stabilized,zero,zero_static,0,90,5.550409607391918,-5.550409607391918,2.3559307306013726,13.327156764912063,0.1658655322619837,2.711714419417268,13.505890186076044
18,9,response_tables/trial_00009_hard_negative_structure_obs-empirical_prior-axis_edge_parallel_rel0p5x.npz,hard_negative_structure,empirical,axis_edge_parallel,0.5,per_candidate,4,16,40,756,0,369,source_row:369,zero_static,0x stabilized,zero,zero_static,1,90,3.576778467050295,-3.576778467050295,1.8912372847028727,10.698453670769876,0.040645621110152054,5.021976583708456,9.65284231146135
19,9,response_tables/trial_00009_hard_negative_structure_obs-empirical_prior-axis_edge_orthogonal_rel0p5x.npz,hard_negative_structure,empirical,axis_edge_orthogonal,0.5,per_candidate,4,16,40,756,0,369,source_row:369,zero_static,0x stabilized,zero,zero_static,1,90,3.576778467050295,-3.576778467050295,1.8912372847028727,10.698453670769876,0.040645621110152054,5.021976583708456,9.65284231146135
20,10,response_tables/trial_00010_hard_negative_structure_obs-empirical_prior-axis_edge_parallel_rel1x.npz,hard_negative_structure,empirical,axis_edge_parallel,1.0,per_candidate,4,16,40,756,0,369,source_row:369,zero_static,0x stabilized,zero,zero_static,1,90,3.576778467050295,-3.576778467050295,1.8912372847028727,10.698453670769876,0.040645621110152054,5.021976583708456,9.65284231146135
21,10,response_tables/trial_00010_hard_negative_structure_obs-empirical_prior-axis_edge_orthogonal_rel1x.npz,hard_negative_structure,empirical,axis_edge_orthogonal,1.0,per_candidate,4,16,40,756,0,369,source_row:369,zero_static,0x stabilized,zero,zero_static,1,90,3.576778467050295,-3.576778467050295,1.8912372847028727,10.698453670769876,0.040645621110152054,5.021976583708456,9.65284231146135
22,11,response_tables/trial_00011_hard_negative_structure_obs-empirical_prior-axis_edge_parallel_rel2x.npz,hard_negative_structure,empirical,axis_edge_parallel,2.0,per_candidate,4,16,40,756,0,369,source_row:369,zero_static,0x stabilized,zero,zero_static,1,90,3.576778467050295,-3.576778467050295,1.8912372847028727,10.698453670769876,0.040645621110152054,5.021976583708456,9.65284231146135
23,11,response_tables/trial_00011_hard_negative_structure_obs-empirical_prior-axis_edge_orthogonal_rel2x.npz,hard_negative_structure,empirical,axis_edge_orthogonal,2.0,per_candidate,4,16,40,756,0,369,source_row:369,zero_static,0x stabilized,zero,zero_static,1,90,3.576778467050295,-3.576778467050295,1.8912372847028727,10.698453670769876,0.040645621110152054,5.021976583708456,9.65284231146135
0,0,response_tables/trial_00000_hard_negative_structure_obs-empirical_prior-axis_edge_parallel_rel0p5x.npz,hard_negative_structure,empirical,axis_edge_parallel,0.5,per_candidate,4,16,40,756,0,25,source_row:25,zero_static,0x stabilized,zero,zero_static,2,90,4.2773798436164405,-4.2773798436164405,2.068182739415558,11.69940831818969,0.15362238921907462,7.6405318580811175,10.11110160238143
1,0,response_tables/trial_00000_hard_negative_structure_obs-empirical_prior-axis_edge_orthogonal_rel0p5x.npz,hard_negative_structure,empirical,axis_edge_orthogonal,0.5,per_candidate,4,16,40,756,0,25,source_row:25,zero_static,0x stabilized,zero,zero_static,2,90,4.2773798436164405,-4.2773798436164405,2.068182739415558,11.69940831818969,0.15362238921907462,7.6405318580811175,10.11110160238143
2,1,response_tables/trial_00001_hard_negative_structure_obs-empirical_prior-axis_edge_parallel_rel1x.npz,hard_negative_structure,empirical,axis_edge_parallel,1.0,per_candidate,4,16,40,756,0,25,source_row:25,zero_static,0x stabilized,zero,zero_static,2,90,4.2773798436164405,-4.2773798436164405,2.068182739415558,11.69940831818969,0.15362238921907462,7.6405318580811175,10.11110160238143
3,1,response_tables/trial_00001_hard_negative_structure_obs-empirical_prior-axis_edge_orthogonal_rel1x.npz,hard_negative_structure,empirical,axis_edge_orthogonal,1.0,per_candidate,4,16,40,756,0,25,source_row:25,zero_static,0x stabilized,zero,zero_static,2,90,4.2773798436164405,-4.2773798436164405,2.068182739415558,11.69940831818969,0.15362238921907462,7.6405318580811175,10.11110160238143
4,2,response_tables/trial_00002_hard_negative_structure_obs-empirical_prior-axis_edge_parallel_rel2x.npz,hard_negative_structure,empirical,axis_edge_parallel,2.0,per_candidate,4,16,40,756,0,25,source_row:25,zero_static,0x stabilized,zero,zero_static,2,90,4.2773798436164405,-4.2773798436164405,2.068182739415558,11.69940831818969,0.15362238921907462,7.6405318580811175,10.11110160238143
5,2,response_tables/trial_00002_hard_negative_structure_obs-empirical_prior-axis_edge_orthogonal_rel2x.npz,hard_negative_structure,empirical,axis_edge_orthogonal,2.0,per_candidate,4,16,40,756,0,25,source_row:25,zero_static,0x stabilized,zero,zero_static,2,90,4.2773798436164405,-4.2773798436164405,2.068182739415558,11.69940831818969,0.15362238921907462,7.6405318580811175,10.11110160238143
6,3,response_tables/trial_00003_hard_negative_structure_obs-empirical_prior-axis_edge_parallel_rel0p5x.npz,hard_negative_structure,empirical,axis_edge_parallel,0.5,per_candidate,4,16,40,756,0,76,source_row:76,zero_static,0x stabilized,zero,zero_static,3,90,1.4255195038250716,-1.4255195038250716,1.1939512150105094,6.7540080043187904,0.48655860373175325,5.130864860399802,7.548514997682698
7,3,response_tables/trial_00003_hard_negative_structure_obs-empirical_prior-axis_edge_orthogonal_rel0p5x.npz,hard_negative_structure,empirical,axis_edge_orthogonal,0.5,per_candidate,4,16,40,756,0,76,source_row:76,zero_static,0x stabilized,zero,zero_static,3,90,1.4255195038250716,-1.4255195038250716,1.1939512150105094,6.7540080043187904,0.48655860373175325,5.130864860399802,7.548514997682698
8,4,response_tables/trial_00004_hard_negative_structure_obs-empirical_prior-axis_edge_parallel_rel1x.npz,hard_negative_structure,empirical,axis_edge_parallel,1.0,per_candidate,4,16,40,756,0,76,source_row:76,zero_static,0x stabilized,zero,zero_static,3,90,1.4255195038250716,-1.4255195038250716,1.1939512150105094,6.7540080043187904,0.48655860373175325,5.130864860399802,7.548514997682698
9,4,response_tables/trial_00004_hard_negative_structure_obs-empirical_prior-axis_edge_orthogonal_rel1x.npz,hard_negative_structure,empirical,axis_edge_orthogonal,1.0,per_candidate,4,16,40,756,0,76,source_row:76,zero_static,0x stabilized,zero,zero_static,3,90,1.4255195038250716,-1.4255195038250716,1.1939512150105094,6.7540080043187904,0.48655860373175325,5.130864860399802,7.548514997682698
10,5,response_tables/trial_00005_hard_negative_structure_obs-empirical_prior-axis_edge_parallel_rel2x.npz,hard_negative_structure,empirical,axis_edge_parallel,2.0,per_candidate,4,16,40,756,0,76,source_row:76,zero_static,0x stabilized,zero,zero_static,3,90,1.4255195038250716,-1.4255195038250716,1.1939512150105094,6.7540080043187904,0.48655860373175325,5.130864860399802,7.548514997682698
11,5,response_tables/trial_00005_hard_negative_structure_obs-empirical_prior-axis_edge_orthogonal_rel2x.npz,hard_negative_structure,empirical,axis_edge_orthogonal,2.0,per_candidate,4,16,40,756,0,76,source_row:76,zero_static,0x stabilized,zero,zero_static,3,90,1.4255195038250716,-1.4255195038250716,1.1939512150105094,6.7540080043187904,0.48655860373175325,5.130864860399802,7.548514997682698
